0;;;;
0;;;;
0;;;;
0;;;;
0;;;;
0;;;;
0;;;;
0;;;;
0;;;;
322;;;;
1.900;;;;
889;;;;
2.473;;;;
5.792;;;;
4.779;;;;
0;;;;
0;;;;
0;;;;
0;;;;
0;;;;
0;;;;
0;;;;
0;;;;
0;;;;
0;;;;
0;;;;
0;;;;
0;;;;
0;;;;
0;;;;
0;;;;
0;;;;
21.822;;;;
51.381;;;;
88.680;;;;
107.072;;;;
86.831;;;;
66.179;;;;
32.121;;;;
0;;;;
0;;;;
0;;;;
0;;;;
0;;;;
0;;;;
0;;;;
0;;;;
0;;;;
0;;;;
0;;;;
0;;;;
0;;;;
0;;;;
0;;;;
0;;;;
0;;;;
1.291;;;;
10.240;;;;
20.953;;;;
27.811;;;;
28.471;;;;
18.641;;;;
6.447;;;;
0;;;;
0;;;;
0;;;;
0;;;;
0;;;;
0;;;;
0;;;;
0;;;;
0;;;;
0;;;;
0;;;;
0;;;;
0;;;;
0;;;;
0;;;;
0;;;;
0;;;;
0;;;;
658;;;;
2.510;;;;
11.833;;;;
13.286;;;;
6.329;;;;
1.686;;;;
0;;;;
0;;;;
0;;;;
0;;;;
0;;;;
0;;;;
0;;;;
0;;;;
0;;;;
0;;;;
0;;;;
0;;;;
0;;;;
0;;;;
0;;;;
0;;;;
0;;;;
1.045;;;;
9.801;;;;
16.698;;;;
19.636;;;;
17.505;;;;
5.863;;;;
11;;;;
0;;;;
0;;;;
0;;;;
0;;;;
0;;;;
0;;;;
0;;;;
0;;;;
0;;;;
0;;;;
0;;;;
0;;;;
0;;;;
0;;;;
0;;;;
0;;;;
0;;;;
1.159;;;;
7.712;;;;
15.565;;;;
22.632;;;;
24.289;;;;
21.141;;;;
9.410;;;;
0;;;;
0;;;;
0;;;;
0;;;;
0;;;;
0;;;;
0;;;;
0;;;;
0;;;;
0;;;;
0;;;;
0;;;;
0;;;;
0;;;;
0;;;;
0;;;;
0;;;;
4.462;;;;
29.234;;;;
37.934;;;;
39.625;;;;
27.415;;;;
10.515;;;;
718;;;;
0;;;;
0;;;;
0;;;;
0;;;;
0;;;;
0;;;;
0;;;;
0;;;;
0;;;;
0;;;;
0;;;;
0;;;;
0;;;;
0;;;;
0;;;;
0;;;;
0;;;;
1.258;;;;
9.733;;;;
13.502;;;;
16.902;;;;
14.124;;;;
11.267;;;;
3.483;;;;
0;;;;
0;;;;
0;;;;
0;;;;
0;;;;
0;;;;
0;;;;
0;;;;
0;;;;
0;;;;
0;;;;
0;;;;
0;;;;
0;;;;
0;;;;
0;;;;
0;;;;
3.448;;;;
19.960;;;;
74.985;;;;
89.024;;;;
80.518;;;;
62.033;;;;
20.368;;;;
0;;;;
0;;;;
0;;;;
0;;;;
0;;;;
0;;;;
0;;;;
0;;;;
0;;;;
0;;;;
0;;;;
0;;;;
0;;;;
0;;;;
0;;;;
0;;;;
0;;;;
1.915;;;;
8.778;;;;
15.050;;;;
18.529;;;;
17.071;;;;
12.169;;;;
5.157;;;;
0;;;;
0;;;;
0;;;;
0;;;;
0;;;;
0;;;;
0;;;;
0;;;;
0;;;;
0;;;;
0;;;;
0;;;;
0;;;;
0;;;;
0;;;;
0;;;;
0;;;;
0;;;;
0;;;;
3.050;;;;
6.278;;;;
3.806;;;;
0;;;;
0;;;;
0;;;;
0;;;;
0;;;;
0;;;;
0;;;;
0;;;;
0;;;;
0;;;;
0;;;;
0;;;;
0;;;;
0;;;;
0;;;;
0;;;;
0;;;;
0;;;;
0;;;;
5.589;;;;
22.913;;;;
28.391;;;;
22.006;;;;
9.944;;;;
194;;;;
0;;;;
0;;;;
0;;;;
0;;;;
0;;;;
0;;;;
0;;;;
0;;;;
0;;;;
0;;;;
0;;;;
0;;;;
0;;;;
0;;;;
0;;;;
0;;;;
0;;;;
0;;;;
0;;;;
81;;;;
2.336;;;;
3.204;;;;
664;;;;
0;;;;
0;;;;
0;;;;
0;;;;
0;;;;
0;;;;
0;;;;
0;;;;
0;;;;
0;;;;
0;;;;
0;;;;
0;;;;
0;;;;
0;;;;
0;;;;
0;;;;
0;;;;
0;;;;
898;;;;
11.517;;;;
39.226;;;;
56.594;;;;
73.583;;;;
60.912;;;;
20.219;;;;
0;;;;
0;;;;
0;;;;
0;;;;
0;;;;
0;;;;
0;;;;
0;;;;
0;;;;
0;;;;
0;;;;
0;;;;
0;;;;
0;;;;
0;;;;
0;;;;
0;;;;
7.205;;;;
19.346;;;;
48.594;;;;
75.562;;;;
64.498;;;;
42.997;;;;
13.820;;;;
0;;;;
0;;;;
0;;;;
0;;;;
0;;;;
0;;;;
0;;;;
0;;;;
0;;;;
0;;;;
0;;;;
0;;;;
0;;;;
0;;;;
0;;;;
0;;;;
0;;;;
6.633;;;;
20.305;;;;
47.615;;;;
68.803;;;;
60.598;;;;
40.872;;;;
15.228;;;;
0;;;;
0;;;;
0;;;;
0;;;;
0;;;;
0;;;;
0;;;;
0;;;;
0;;;;
0;;;;
0;;;;
0;;;;
0;;;;
0;;;;
0;;;;
0;;;;
0;;;;
22.463;;;;
53.195;;;;
44.252;;;;
24.439;;;;
9.950;;;;
7.296;;;;
6.454;;;;
0;;;;
0;;;;
0;;;;
0;;;;
0;;;;
0;;;;
0;;;;
0;;;;
0;;;;
0;;;;
0;;;;
0;;;;
0;;;;
0;;;;
0;;;;
0;;;;
89;;;;
33.960;;;;
98.430;;;;
138.497;;;;
149.995;;;;
136.178;;;;
99.765;;;;
42.436;;;;
2.172;;;;
0;;;;
0;;;;
0;;;;
0;;;;
0;;;;
0;;;;
0;;;;
0;;;;
0;;;;
0;;;;
0;;;;
0;;;;
0;;;;
0;;;;
0;;;;
382;;;;
26.910;;;;
55.535;;;;
81.777;;;;
97.736;;;;
97.780;;;;
80.808;;;;
43.359;;;;
3.709;;;;
0;;;;
0;;;;
0;;;;
0;;;;
0;;;;
0;;;;
0;;;;
0;;;;
0;;;;
0;;;;
0;;;;
0;;;;
0;;;;
0;;;;
0;;;;
5.240;;;;
67.072;;;;
117.994;;;;
148.083;;;;
157.172;;;;
146.708;;;;
116.645;;;;
66.213;;;;
9.311;;;;
0;;;;
0;;;;
0;;;;
0;;;;
0;;;;
0;;;;
0;;;;
0;;;;
0;;;;
0;;;;
0;;;;
0;;;;
0;;;;
0;;;;
0;;;;
5.763;;;;
67.072;;;;
116.719;;;;
146.615;;;;
155.978;;;;
145.952;;;;
116.242;;;;
66.168;;;;
9.558;;;;
0;;;;
0;;;;
0;;;;
0;;;;
0;;;;
0;;;;
0;;;;
0;;;;
0;;;;
0;;;;
0;;;;
0;;;;
0;;;;
0;;;;
0;;;;
1.045;;;;
27.384;;;;
56.864;;;;
76.311;;;;
84.754;;;;
79.150;;;;
54.146;;;;
20.611;;;;
0;;;;
0;;;;
0;;;;
0;;;;
0;;;;
0;;;;
0;;;;
0;;;;
0;;;;
0;;;;
0;;;;
0;;;;
0;;;;
0;;;;
0;;;;
0;;;;
0;;;;
15.870;;;;
29.487;;;;
42.412;;;;
56.193;;;;
56.210;;;;
43.359;;;;
21.455;;;;
1.236;;;;
0;;;;
0;;;;
0;;;;
0;;;;
0;;;;
0;;;;
0;;;;
0;;;;
0;;;;
0;;;;
0;;;;
0;;;;
0;;;;
0;;;;
0;;;;
1.050;;;;
27.222;;;;
55.445;;;;
80.663;;;;
92.649;;;;
91.297;;;;
81.095;;;;
50.422;;;;
5.869;;;;
0;;;;
0;;;;
0;;;;
0;;;;
0;;;;
0;;;;
0;;;;
0;;;;
0;;;;
0;;;;
0;;;;
0;;;;
0;;;;
0;;;;
0;;;;
456;;;;
23.149;;;;
44.268;;;;
46.344;;;;
47.001;;;;
56.809;;;;
36.648;;;;
13.568;;;;
0;;;;
0;;;;
0;;;;
0;;;;
0;;;;
0;;;;
0;;;;
0;;;;
0;;;;
0;;;;
0;;;;
0;;;;
0;;;;
0;;;;
0;;;;
0;;;;
0;;;;
966;;;;
5.060;;;;
11.210;;;;
24.517;;;;
35.021;;;;
33.728;;;;
17.111;;;;
0;;;;
0;;;;
0;;;;
0;;;;
0;;;;
0;;;;
0;;;;
0;;;;
0;;;;
0;;;;
0;;;;
0;;;;
0;;;;
0;;;;
0;;;;
0;;;;
2.313;;;;
28.685;;;;
50.766;;;;
39.616;;;;
26.448;;;;
17.939;;;;
9.440;;;;
2.142;;;;
0;;;;
0;;;;
0;;;;
0;;;;
0;;;;
0;;;;
0;;;;
0;;;;
0;;;;
0;;;;
0;;;;
0;;;;
0;;;;
0;;;;
0;;;;
0;;;;
0;;;;
2.149;;;;
4.324;;;;
9.067;;;;
10.137;;;;
9.266;;;;
7.569;;;;
4.724;;;;
0;;;;
0;;;;
0;;;;
0;;;;
0;;;;
0;;;;
0;;;;
0;;;;
0;;;;
0;;;;
0;;;;
0;;;;
0;;;;
0;;;;
0;;;;
0;;;;
426;;;;
20.286;;;;
54.573;;;;
101.447;;;;
131.709;;;;
137.360;;;;
100.056;;;;
45.778;;;;
5.947;;;;
0;;;;
0;;;;
0;;;;
0;;;;
0;;;;
0;;;;
0;;;;
0;;;;
0;;;;
0;;;;
0;;;;
0;;;;
0;;;;
0;;;;
0;;;;
0;;;;
5.495;;;;
18.427;;;;
28.399;;;;
33.549;;;;
32.533;;;;
23.089;;;;
10.288;;;;
0;;;;
0;;;;
0;;;;
0;;;;
0;;;;
0;;;;
0;;;;
0;;;;
0;;;;
0;;;;
0;;;;
0;;;;
0;;;;
0;;;;
0;;;;
0;;;;
144;;;;
9.704;;;;
19.136;;;;
30.432;;;;
49.157;;;;
64.776;;;;
47.559;;;;
24.740;;;;
4.157;;;;
0;;;;
0;;;;
0;;;;
0;;;;
0;;;;
0;;;;
0;;;;
0;;;;
0;;;;
0;;;;
0;;;;
0;;;;
0;;;;
0;;;;
0;;;;
11.559;;;;
56.910;;;;
96.830;;;;
127.006;;;;
148.189;;;;
130.068;;;;
53.503;;;;
23.427;;;;
5.096;;;;
0;;;;
0;;;;
0;;;;
0;;;;
0;;;;
0;;;;
0;;;;
0;;;;
0;;;;
0;;;;
0;;;;
0;;;;
0;;;;
0;;;;
0;;;;
1.469;;;;
21.410;;;;
42.601;;;;
60.256;;;;
63.169;;;;
49.797;;;;
33.898;;;;
17.843;;;;
2.017;;;;
0;;;;
0;;;;
0;;;;
0;;;;
0;;;;
0;;;;
0;;;;
0;;;;
0;;;;
0;;;;
0;;;;
0;;;;
0;;;;
0;;;;
0;;;;
3.274;;;;
27.527;;;;
59.647;;;;
94.625;;;;
131.657;;;;
129.196;;;;
85.915;;;;
39.553;;;;
6.783;;;;
0;;;;
0;;;;
0;;;;
0;;;;
0;;;;
0;;;;
0;;;;
0;;;;
0;;;;
0;;;;
0;;;;
0;;;;
0;;;;
0;;;;
0;;;;
15.806;;;;
62.637;;;;
97.938;;;;
98.783;;;;
97.349;;;;
76.885;;;;
36.352;;;;
11.302;;;;
84;;;;
0;;;;
0;;;;
0;;;;
0;;;;
0;;;;
0;;;;
0;;;;
0;;;;
0;;;;
0;;;;
0;;;;
0;;;;
0;;;;
0;;;;
0;;;;
3.451;;;;
20.926;;;;
30.068;;;;
35.684;;;;
39.766;;;;
49.219;;;;
40.232;;;;
26.917;;;;
9.525;;;;
0;;;;
0;;;;
0;;;;
0;;;;
0;;;;
0;;;;
0;;;;
0;;;;
0;;;;
0;;;;
0;;;;
0;;;;
0;;;;
0;;;;
0;;;;
6.413;;;;
42.544;;;;
97.652;;;;
124.818;;;;
140.399;;;;
127.762;;;;
103.689;;;;
60.001;;;;
13.522;;;;
0;;;;
0;;;;
0;;;;
0;;;;
0;;;;
0;;;;
0;;;;
0;;;;
0;;;;
0;;;;
0;;;;
0;;;;
0;;;;
0;;;;
0;;;;
3.084;;;;
24.877;;;;
41.903;;;;
66.817;;;;
94.403;;;;
101.932;;;;
88.933;;;;
46.425;;;;
13.380;;;;
0;;;;
0;;;;
0;;;;
0;;;;
0;;;;
0;;;;
0;;;;
0;;;;
0;;;;
0;;;;
0;;;;
0;;;;
0;;;;
0;;;;
0;;;;
10.080;;;;
48.428;;;;
59.303;;;;
56.860;;;;
60.103;;;;
46.510;;;;
27.830;;;;
11.242;;;;
1.677;;;;
0;;;;
0;;;;
0;;;;
0;;;;
0;;;;
0;;;;
0;;;;
0;;;;
0;;;;
0;;;;
0;;;;
0;;;;
0;;;;
0;;;;
0;;;;
4.582;;;;
37.269;;;;
78.192;;;;
108.478;;;;
116.366;;;;
95.932;;;;
51.002;;;;
23.900;;;;
7.185;;;;
0;;;;
0;;;;
0;;;;
0;;;;
0;;;;
0;;;;
0;;;;
0;;;;
0;;;;
0;;;;
0;;;;
0;;;;
0;;;;
0;;;;
0;;;;
1.238;;;;
8.037;;;;
9.621;;;;
10.520;;;;
17.030;;;;
18.780;;;;
8.541;;;;
22.375;;;;
5.701;;;;
0;;;;
0;;;;
0;;;;
0;;;;
0;;;;
0;;;;
0;;;;
0;;;;
0;;;;
0;;;;
0;;;;
0;;;;
0;;;;
0;;;;
0;;;;
2.090;;;;
9.648;;;;
18.648;;;;
26.538;;;;
37.498;;;;
30.067;;;;
30.355;;;;
37.281;;;;
18.858;;;;
0;;;;
0;;;;
0;;;;
0;;;;
0;;;;
0;;;;
0;;;;
0;;;;
0;;;;
0;;;;
0;;;;
0;;;;
0;;;;
0;;;;
0;;;;
5.485;;;;
22.042;;;;
33.733;;;;
42.723;;;;
53.004;;;;
58.460;;;;
59.980;;;;
57.039;;;;
27.503;;;;
0;;;;
0;;;;
0;;;;
0;;;;
0;;;;
0;;;;
0;;;;
0;;;;
0;;;;
0;;;;
0;;;;
0;;;;
0;;;;
0;;;;
0;;;;
31.156;;;;
76.799;;;;
102.425;;;;
112.533;;;;
115.127;;;;
112.258;;;;
92.513;;;;
52.651;;;;
12.692;;;;
0;;;;
0;;;;
0;;;;
0;;;;
0;;;;
0;;;;
0;;;;
0;;;;
0;;;;
0;;;;
0;;;;
0;;;;
0;;;;
0;;;;
0;;;;
20.283;;;;
60.797;;;;
96.149;;;;
118.886;;;;
130.156;;;;
126.564;;;;
108.608;;;;
73.020;;;;
30.274;;;;
0;;;;
0;;;;
0;;;;
0;;;;
0;;;;
0;;;;
0;;;;
0;;;;
0;;;;
0;;;;
0;;;;
0;;;;
0;;;;
0;;;;
0;;;;
48.415;;;;
107.638;;;;
151.337;;;;
175.803;;;;
182.477;;;;
173.076;;;;
146.959;;;;
103.751;;;;
44.976;;;;
0;;;;
0;;;;
0;;;;
0;;;;
0;;;;
0;;;;
0;;;;
0;;;;
0;;;;
0;;;;
0;;;;
0;;;;
0;;;;
0;;;;
0;;;;
48.748;;;;
108.732;;;;
152.563;;;;
177.268;;;;
183.961;;;;
173.771;;;;
147.328;;;;
104.030;;;;
45.511;;;;
0;;;;
0;;;;
0;;;;
0;;;;
0;;;;
0;;;;
0;;;;
0;;;;
0;;;;
0;;;;
0;;;;
0;;;;
0;;;;
0;;;;
0;;;;
25.389;;;;
87.979;;;;
140.003;;;;
170.265;;;;
181.748;;;;
175.933;;;;
151.527;;;;
108.931;;;;
50.093;;;;
536;;;;
0;;;;
0;;;;
0;;;;
0;;;;
0;;;;
0;;;;
0;;;;
0;;;;
0;;;;
0;;;;
0;;;;
0;;;;
0;;;;
0;;;;
50.697;;;;
109.836;;;;
153.158;;;;
177.779;;;;
184.140;;;;
174.011;;;;
146.721;;;;
102.827;;;;
45.621;;;;
499;;;;
0;;;;
0;;;;
0;;;;
0;;;;
0;;;;
0;;;;
0;;;;
0;;;;
0;;;;
0;;;;
0;;;;
0;;;;
0;;;;
0;;;;
7.087;;;;
37.003;;;;
127.144;;;;
177.852;;;;
189.230;;;;
180.584;;;;
153.547;;;;
105.412;;;;
42.115;;;;
298;;;;
0;;;;
0;;;;
0;;;;
0;;;;
0;;;;
0;;;;
0;;;;
0;;;;
0;;;;
0;;;;
0;;;;
0;;;;
0;;;;
0;;;;
19.716;;;;
50.495;;;;
74.250;;;;
84.825;;;;
83.233;;;;
80.631;;;;
97.940;;;;
68.135;;;;
20.972;;;;
0;;;;
0;;;;
0;;;;
0;;;;
0;;;;
0;;;;
0;;;;
0;;;;
0;;;;
0;;;;
0;;;;
0;;;;
0;;;;
0;;;;
0;;;;
17.044;;;;
45.507;;;;
75.523;;;;
131.131;;;;
171.054;;;;
169.035;;;;
130.418;;;;
57.220;;;;
12.005;;;;
0;;;;
0;;;;
0;;;;
0;;;;
0;;;;
0;;;;
0;;;;
0;;;;
0;;;;
0;;;;
0;;;;
0;;;;
0;;;;
0;;;;
0;;;;
5.183;;;;
21.833;;;;
45.213;;;;
65.599;;;;
105.985;;;;
135.942;;;;
140.325;;;;
101.794;;;;
48.551;;;;
2.769;;;;
0;;;;
0;;;;
0;;;;
0;;;;
0;;;;
0;;;;
0;;;;
0;;;;
0;;;;
0;;;;
0;;;;
0;;;;
0;;;;
2.242;;;;
63.634;;;;
123.711;;;;
166.102;;;;
189.378;;;;
196.810;;;;
183.093;;;;
147.419;;;;
101.848;;;;
50.157;;;;
3.622;;;;
0;;;;
0;;;;
0;;;;
0;;;;
0;;;;
0;;;;
0;;;;
0;;;;
0;;;;
0;;;;
0;;;;
0;;;;
0;;;;
3.331;;;;
65.810;;;;
124.345;;;;
166.231;;;;
189.410;;;;
196.068;;;;
186.194;;;;
160.272;;;;
118.005;;;;
60.720;;;;
6.091;;;;
0;;;;
0;;;;
0;;;;
0;;;;
0;;;;
0;;;;
0;;;;
0;;;;
0;;;;
0;;;;
0;;;;
0;;;;
0;;;;
3.817;;;;
64.794;;;;
123.063;;;;
165.164;;;;
188.764;;;;
195.274;;;;
186.205;;;;
161.032;;;;
119.642;;;;
63.300;;;;
7.466;;;;
0;;;;
0;;;;
0;;;;
0;;;;
0;;;;
0;;;;
0;;;;
0;;;;
0;;;;
0;;;;
0;;;;
0;;;;
0;;;;
4.746;;;;
66.652;;;;
123.551;;;;
164.656;;;;
188.116;;;;
194.511;;;;
185.446;;;;
160.781;;;;
119.632;;;;
63.713;;;;
8.042;;;;
0;;;;
0;;;;
0;;;;
0;;;;
0;;;;
0;;;;
0;;;;
0;;;;
0;;;;
0;;;;
0;;;;
0;;;;
0;;;;
6.362;;;;
70.260;;;;
127.890;;;;
169.034;;;;
192.003;;;;
197.457;;;;
188.031;;;;
162.902;;;;
122.115;;;;
66.484;;;;
9.617;;;;
0;;;;
0;;;;
0;;;;
0;;;;
0;;;;
0;;;;
0;;;;
0;;;;
0;;;;
0;;;;
0;;;;
0;;;;
0;;;;
3.519;;;;
49.493;;;;
103.111;;;;
136.677;;;;
104.259;;;;
122.309;;;;
157.326;;;;
141.765;;;;
102.073;;;;
31.152;;;;
100;;;;
0;;;;
0;;;;
0;;;;
0;;;;
0;;;;
0;;;;
0;;;;
0;;;;
0;;;;
0;;;;
0;;;;
0;;;;
0;;;;
0;;;;
4.775;;;;
11.144;;;;
15.232;;;;
13.768;;;;
15.799;;;;
16.139;;;;
12.298;;;;
11.385;;;;
4.982;;;;
0;;;;
0;;;;
0;;;;
0;;;;
0;;;;
0;;;;
0;;;;
0;;;;
0;;;;
0;;;;
0;;;;
0;;;;
0;;;;
0;;;;
528;;;;
19.232;;;;
49.545;;;;
79.647;;;;
112.033;;;;
133.789;;;;
145.227;;;;
129.146;;;;
83.469;;;;
31.435;;;;
0;;;;
0;;;;
0;;;;
0;;;;
0;;;;
0;;;;
0;;;;
0;;;;
0;;;;
0;;;;
0;;;;
0;;;;
0;;;;
0;;;;
0;;;;
5.582;;;;
9.830;;;;
16.915;;;;
26.316;;;;
36.325;;;;
47.457;;;;
60.813;;;;
49.926;;;;
34.626;;;;
5.932;;;;
0;;;;
0;;;;
0;;;;
0;;;;
0;;;;
0;;;;
0;;;;
0;;;;
0;;;;
0;;;;
0;;;;
0;;;;
0;;;;
4.057;;;;
50.322;;;;
97.261;;;;
118.563;;;;
94.186;;;;
45.005;;;;
29.356;;;;
57.342;;;;
92.634;;;;
48.339;;;;
6.772;;;;
0;;;;
0;;;;
0;;;;
0;;;;
0;;;;
0;;;;
0;;;;
0;;;;
0;;;;
0;;;;
0;;;;
0;;;;
0;;;;
2.105;;;;
25.199;;;;
33.246;;;;
40.870;;;;
56.101;;;;
126.842;;;;
168.991;;;;
149.865;;;;
103.956;;;;
58.403;;;;
8.752;;;;
0;;;;
0;;;;
0;;;;
0;;;;
0;;;;
0;;;;
0;;;;
0;;;;
0;;;;
0;;;;
0;;;;
0;;;;
0;;;;
0;;;;
14.078;;;;
28.992;;;;
32.989;;;;
60.970;;;;
90.202;;;;
75.027;;;;
50.973;;;;
22.088;;;;
6.465;;;;
0;;;;
0;;;;
0;;;;
0;;;;
0;;;;
0;;;;
0;;;;
0;;;;
0;;;;
0;;;;
0;;;;
0;;;;
0;;;;
0;;;;
891;;;;
17.958;;;;
75.122;;;;
116.729;;;;
169.020;;;;
165.289;;;;
146.010;;;;
110.822;;;;
80.730;;;;
46.153;;;;
9.198;;;;
0;;;;
0;;;;
0;;;;
0;;;;
0;;;;
0;;;;
0;;;;
0;;;;
0;;;;
0;;;;
0;;;;
0;;;;
0;;;;
511;;;;
23.768;;;;
98.363;;;;
147.828;;;;
166.788;;;;
173.728;;;;
167.923;;;;
143.883;;;;
103.987;;;;
55.264;;;;
7.216;;;;
0;;;;
0;;;;
0;;;;
0;;;;
0;;;;
0;;;;
0;;;;
0;;;;
0;;;;
0;;;;
0;;;;
0;;;;
0;;;;
177;;;;
23.502;;;;
84.894;;;;
108.101;;;;
80.381;;;;
100.072;;;;
123.910;;;;
126.746;;;;
83.822;;;;
46.619;;;;
7.601;;;;
0;;;;
0;;;;
0;;;;
0;;;;
0;;;;
0;;;;
0;;;;
0;;;;
0;;;;
0;;;;
0;;;;
0;;;;
0;;;;
249;;;;
5.511;;;;
20.065;;;;
64.511;;;;
94.052;;;;
67.669;;;;
74.015;;;;
55.485;;;;
34.363;;;;
19.132;;;;
4.681;;;;
0;;;;
0;;;;
0;;;;
0;;;;
0;;;;
0;;;;
0;;;;
0;;;;
0;;;;
0;;;;
0;;;;
0;;;;
0;;;;
4.313;;;;
18.755;;;;
24.867;;;;
30.727;;;;
54.432;;;;
81.984;;;;
124.504;;;;
109.779;;;;
73.701;;;;
30.453;;;;
3.882;;;;
0;;;;
0;;;;
0;;;;
0;;;;
0;;;;
0;;;;
0;;;;
0;;;;
0;;;;
0;;;;
0;;;;
0;;;;
0;;;;
2.824;;;;
27.544;;;;
59.030;;;;
76.252;;;;
73.452;;;;
84.656;;;;
110.125;;;;
112.486;;;;
91.713;;;;
32.637;;;;
2.471;;;;
0;;;;
0;;;;
0;;;;
0;;;;
0;;;;
0;;;;
0;;;;
0;;;;
0;;;;
0;;;;
0;;;;
0;;;;
0;;;;
15.543;;;;
61.142;;;;
92.717;;;;
124.359;;;;
106.532;;;;
74.180;;;;
72.386;;;;
54.760;;;;
39.815;;;;
21.030;;;;
3.220;;;;
0;;;;
0;;;;
0;;;;
0;;;;
0;;;;
0;;;;
0;;;;
0;;;;
0;;;;
0;;;;
0;;;;
0;;;;
0;;;;
95;;;;
5.423;;;;
10.729;;;;
17.468;;;;
33.816;;;;
57.385;;;;
52.358;;;;
29.140;;;;
14.922;;;;
9.007;;;;
5.940;;;;
0;;;;
0;;;;
0;;;;
0;;;;
0;;;;
0;;;;
0;;;;
0;;;;
0;;;;
0;;;;
0;;;;
0;;;;
0;;;;
85;;;;
4.676;;;;
8.368;;;;
15.907;;;;
27.316;;;;
33.956;;;;
36.250;;;;
42.243;;;;
39.017;;;;
13.751;;;;
2.264;;;;
0;;;;
0;;;;
0;;;;
0;;;;
0;;;;
0;;;;
0;;;;
0;;;;
0;;;;
0;;;;
0;;;;
0;;;;
0;;;;
0;;;;
2.832;;;;
25.299;;;;
36.927;;;;
78.566;;;;
133.552;;;;
140.790;;;;
128.921;;;;
75.028;;;;
42.019;;;;
15.072;;;;
0;;;;
0;;;;
0;;;;
0;;;;
0;;;;
0;;;;
0;;;;
0;;;;
0;;;;
0;;;;
0;;;;
0;;;;
0;;;;
2.169;;;;
11.384;;;;
36.691;;;;
77.082;;;;
115.321;;;;
150.024;;;;
151.511;;;;
116.873;;;;
82.893;;;;
44.402;;;;
13.697;;;;
0;;;;
0;;;;
0;;;;
0;;;;
0;;;;
0;;;;
0;;;;
0;;;;
0;;;;
0;;;;
0;;;;
0;;;;
0;;;;
1.487;;;;
17.856;;;;
70.945;;;;
157.948;;;;
181.088;;;;
194.189;;;;
172.012;;;;
152.367;;;;
131.800;;;;
73.094;;;;
19.095;;;;
0;;;;
0;;;;
0;;;;
0;;;;
0;;;;
0;;;;
0;;;;
0;;;;
0;;;;
0;;;;
0;;;;
0;;;;
0;;;;
31.565;;;;
93.273;;;;
159.092;;;;
201.293;;;;
224.710;;;;
231.670;;;;
221.599;;;;
191.395;;;;
140.200;;;;
84.775;;;;
28.970;;;;
0;;;;
0;;;;
0;;;;
0;;;;
0;;;;
0;;;;
0;;;;
0;;;;
0;;;;
0;;;;
0;;;;
0;;;;
0;;;;
32.793;;;;
86.470;;;;
118.256;;;;
140.673;;;;
169.875;;;;
167.451;;;;
168.400;;;;
144.707;;;;
100.041;;;;
58.232;;;;
20.685;;;;
0;;;;
0;;;;
0;;;;
0;;;;
0;;;;
0;;;;
0;;;;
0;;;;
0;;;;
0;;;;
0;;;;
0;;;;
0;;;;
35.368;;;;
97.532;;;;
151.565;;;;
189.488;;;;
212.291;;;;
219.634;;;;
211.693;;;;
188.569;;;;
150.474;;;;
98.081;;;;
38.662;;;;
0;;;;
0;;;;
0;;;;
0;;;;
0;;;;
0;;;;
0;;;;
0;;;;
0;;;;
0;;;;
0;;;;
0;;;;
0;;;;
32.027;;;;
89.941;;;;
145.504;;;;
186.072;;;;
210.511;;;;
219.139;;;;
211.839;;;;
189.250;;;;
152.266;;;;
101.193;;;;
41.553;;;;
0;;;;
0;;;;
0;;;;
0;;;;
0;;;;
0;;;;
0;;;;
0;;;;
0;;;;
0;;;;
0;;;;
0;;;;
0;;;;
6.547;;;;
24.177;;;;
49.158;;;;
114.448;;;;
141.118;;;;
155.735;;;;
137.650;;;;
126.354;;;;
99.881;;;;
59.515;;;;
16.372;;;;
0;;;;
0;;;;
0;;;;
0;;;;
0;;;;
0;;;;
0;;;;
0;;;;
0;;;;
0;;;;
0;;;;
0;;;;
0;;;;
12.526;;;;
52.951;;;;
112.435;;;;
154.016;;;;
189.539;;;;
200.190;;;;
203.298;;;;
181.833;;;;
153.452;;;;
107.736;;;;
46.873;;;;
903;;;;
0;;;;
0;;;;
0;;;;
0;;;;
0;;;;
0;;;;
0;;;;
0;;;;
0;;;;
0;;;;
0;;;;
0;;;;
19.158;;;;
55.621;;;;
119.335;;;;
111.049;;;;
109.095;;;;
129.077;;;;
143.073;;;;
136.907;;;;
97.726;;;;
44.803;;;;
16.093;;;;
0;;;;
0;;;;
0;;;;
0;;;;
0;;;;
0;;;;
0;;;;
0;;;;
0;;;;
0;;;;
0;;;;
0;;;;
0;;;;
11.345;;;;
44.460;;;;
130.235;;;;
135.171;;;;
155.594;;;;
129.740;;;;
109.143;;;;
100.954;;;;
88.188;;;;
60.961;;;;
26.398;;;;
0;;;;
0;;;;
0;;;;
0;;;;
0;;;;
0;;;;
0;;;;
0;;;;
0;;;;
0;;;;
0;;;;
0;;;;
0;;;;
11.487;;;;
33.929;;;;
76.275;;;;
194.547;;;;
216.918;;;;
216.076;;;;
217.269;;;;
189.558;;;;
134.853;;;;
74.580;;;;
20.153;;;;
0;;;;
0;;;;
0;;;;
0;;;;
0;;;;
0;;;;
0;;;;
0;;;;
0;;;;
0;;;;
0;;;;
0;;;;
0;;;;
20.356;;;;
57.713;;;;
114.368;;;;
158.499;;;;
137.683;;;;
145.533;;;;
172.471;;;;
163.645;;;;
107.685;;;;
72.218;;;;
29.232;;;;
1.770;;;;
0;;;;
0;;;;
0;;;;
0;;;;
0;;;;
0;;;;
0;;;;
0;;;;
0;;;;
0;;;;
0;;;;
878;;;;
28.858;;;;
91.711;;;;
158.975;;;;
200.204;;;;
222.172;;;;
229.391;;;;
221.982;;;;
200.122;;;;
163.061;;;;
112.294;;;;
52.687;;;;
3.881;;;;
0;;;;
0;;;;
0;;;;
0;;;;
0;;;;
0;;;;
0;;;;
0;;;;
0;;;;
0;;;;
0;;;;
1.792;;;;
49.314;;;;
111.075;;;;
162.576;;;;
198.891;;;;
220.928;;;;
228.196;;;;
219.991;;;;
197.808;;;;
160.516;;;;
109.434;;;;
49.790;;;;
3.758;;;;
0;;;;
0;;;;
0;;;;
0;;;;
0;;;;
0;;;;
0;;;;
0;;;;
0;;;;
0;;;;
0;;;;
1.398;;;;
37.925;;;;
89.089;;;;
134.638;;;;
171.376;;;;
193.565;;;;
198.367;;;;
170.965;;;;
141.203;;;;
111.817;;;;
69.388;;;;
32.061;;;;
2.950;;;;
0;;;;
0;;;;
0;;;;
0;;;;
0;;;;
0;;;;
0;;;;
0;;;;
0;;;;
0;;;;
0;;;;
2.980;;;;
51.109;;;;
117.495;;;;
170.062;;;;
208.175;;;;
229.728;;;;
235.950;;;;
227.696;;;;
204.603;;;;
166.655;;;;
115.311;;;;
55.367;;;;
5.701;;;;
0;;;;
0;;;;
0;;;;
0;;;;
0;;;;
0;;;;
0;;;;
0;;;;
0;;;;
0;;;;
0;;;;
1.525;;;;
37.385;;;;
85.829;;;;
107.228;;;;
108.412;;;;
81.388;;;;
70.178;;;;
66.802;;;;
69.357;;;;
51.621;;;;
62.013;;;;
26.037;;;;
616;;;;
0;;;;
0;;;;
0;;;;
0;;;;
0;;;;
0;;;;
0;;;;
0;;;;
0;;;;
0;;;;
0;;;;
0;;;;
3.950;;;;
15.409;;;;
34.762;;;;
64.139;;;;
125.521;;;;
165.683;;;;
136.336;;;;
67.453;;;;
37.457;;;;
21.814;;;;
7.079;;;;
0;;;;
0;;;;
0;;;;
0;;;;
0;;;;
0;;;;
0;;;;
0;;;;
0;;;;
0;;;;
0;;;;
0;;;;
359;;;;
13.354;;;;
21.706;;;;
34.556;;;;
43.803;;;;
45.364;;;;
49.121;;;;
73.012;;;;
91.730;;;;
55.315;;;;
59.013;;;;
31.434;;;;
1.440;;;;
0;;;;
0;;;;
0;;;;
0;;;;
0;;;;
0;;;;
0;;;;
0;;;;
0;;;;
0;;;;
0;;;;
2.491;;;;
36.549;;;;
92.797;;;;
148.632;;;;
188.896;;;;
171.176;;;;
127.072;;;;
102.148;;;;
82.730;;;;
60.416;;;;
40.003;;;;
18.619;;;;
1.755;;;;
0;;;;
0;;;;
0;;;;
0;;;;
0;;;;
0;;;;
0;;;;
0;;;;
0;;;;
0;;;;
0;;;;
3.013;;;;
31.436;;;;
95.634;;;;
148.415;;;;
168.536;;;;
203.342;;;;
218.036;;;;
212.823;;;;
190.130;;;;
150.565;;;;
91.871;;;;
35.701;;;;
5.322;;;;
0;;;;
0;;;;
0;;;;
0;;;;
0;;;;
0;;;;
0;;;;
0;;;;
0;;;;
0;;;;
0;;;;
6.670;;;;
52.266;;;;
109.205;;;;
166.663;;;;
203.060;;;;
224.625;;;;
231.176;;;;
222.334;;;;
197.362;;;;
157.313;;;;
103.445;;;;
41.714;;;;
7.201;;;;
0;;;;
0;;;;
0;;;;
0;;;;
0;;;;
0;;;;
0;;;;
0;;;;
0;;;;
0;;;;
0;;;;
6.233;;;;
44.072;;;;
98.345;;;;
150.886;;;;
167.715;;;;
164.746;;;;
152.904;;;;
113.819;;;;
71.528;;;;
50.066;;;;
34.473;;;;
19.792;;;;
2.767;;;;
0;;;;
0;;;;
0;;;;
0;;;;
0;;;;
0;;;;
0;;;;
0;;;;
0;;;;
0;;;;
0;;;;
3.387;;;;
25.753;;;;
58.177;;;;
90.464;;;;
118.980;;;;
135.076;;;;
140.731;;;;
135.560;;;;
121.767;;;;
99.154;;;;
67.026;;;;
34.028;;;;
5.688;;;;
0;;;;
0;;;;
0;;;;
0;;;;
0;;;;
0;;;;
0;;;;
0;;;;
0;;;;
0;;;;
0;;;;
8.795;;;;
58.853;;;;
122.418;;;;
176.176;;;;
213.979;;;;
237.528;;;;
245.909;;;;
239.181;;;;
218.426;;;;
182.426;;;;
132.503;;;;
72.066;;;;
15.517;;;;
0;;;;
0;;;;
0;;;;
0;;;;
0;;;;
0;;;;
0;;;;
0;;;;
0;;;;
0;;;;
0;;;;
13.027;;;;
70.159;;;;
134.601;;;;
185.935;;;;
222.814;;;;
244.762;;;;
251.753;;;;
243.766;;;;
221.396;;;;
183.859;;;;
132.508;;;;
69.888;;;;
14.975;;;;
0;;;;
0;;;;
0;;;;
0;;;;
0;;;;
0;;;;
0;;;;
0;;;;
0;;;;
0;;;;
0;;;;
12.823;;;;
63.346;;;;
124.859;;;;
159.835;;;;
183.322;;;;
200.385;;;;
194.096;;;;
188.771;;;;
171.349;;;;
135.376;;;;
99.400;;;;
50.340;;;;
12.215;;;;
0;;;;
0;;;;
0;;;;
0;;;;
0;;;;
0;;;;
0;;;;
0;;;;
0;;;;
0;;;;
0;;;;
10.210;;;;
47.458;;;;
93.537;;;;
116.816;;;;
139.908;;;;
149.959;;;;
155.426;;;;
146.574;;;;
130.186;;;;
98.367;;;;
64.393;;;;
35.255;;;;
9.541;;;;
0;;;;
0;;;;
0;;;;
0;;;;
0;;;;
0;;;;
0;;;;
0;;;;
0;;;;
0;;;;
0;;;;
10.910;;;;
52.711;;;;
109.632;;;;
161.699;;;;
200.476;;;;
223.366;;;;
217.607;;;;
200.496;;;;
180.073;;;;
156.411;;;;
118.860;;;;
65.710;;;;
14.710;;;;
0;;;;
0;;;;
0;;;;
0;;;;
0;;;;
0;;;;
0;;;;
0;;;;
0;;;;
0;;;;
0;;;;
13.438;;;;
59.978;;;;
117.538;;;;
171.699;;;;
209.705;;;;
235.980;;;;
242.031;;;;
231.650;;;;
212.536;;;;
179.238;;;;
130.665;;;;
73.375;;;;
19.308;;;;
0;;;;
0;;;;
0;;;;
0;;;;
0;;;;
0;;;;
0;;;;
0;;;;
0;;;;
0;;;;
0;;;;
18.153;;;;
75.282;;;;
135.004;;;;
182.936;;;;
216.834;;;;
236.539;;;;
241.689;;;;
229.950;;;;
199.914;;;;
147.797;;;;
73.037;;;;
25.904;;;;
3.930;;;;
0;;;;
0;;;;
0;;;;
0;;;;
0;;;;
0;;;;
0;;;;
0;;;;
0;;;;
0;;;;
0;;;;
3.653;;;;
26.072;;;;
64.441;;;;
105.258;;;;
134.628;;;;
151.915;;;;
139.626;;;;
139.464;;;;
115.327;;;;
71.775;;;;
60.406;;;;
38.933;;;;
10.649;;;;
0;;;;
0;;;;
0;;;;
0;;;;
0;;;;
0;;;;
0;;;;
0;;;;
0;;;;
0;;;;
0;;;;
17.428;;;;
70.392;;;;
130.659;;;;
179.376;;;;
213.763;;;;
233.855;;;;
240.747;;;;
233.977;;;;
212.925;;;;
178.308;;;;
131.152;;;;
74.305;;;;
20.814;;;;
0;;;;
0;;;;
0;;;;
0;;;;
0;;;;
0;;;;
0;;;;
0;;;;
0;;;;
0;;;;
0;;;;
20.598;;;;
78.109;;;;
136.920;;;;
184.101;;;;
218.023;;;;
237.946;;;;
244.091;;;;
236.855;;;;
216.497;;;;
182.935;;;;
136.634;;;;
80.318;;;;
24.108;;;;
0;;;;
0;;;;
0;;;;
0;;;;
0;;;;
0;;;;
0;;;;
0;;;;
0;;;;
0;;;;
0;;;;
21.477;;;;
77.610;;;;
135.465;;;;
181.987;;;;
213.470;;;;
232.871;;;;
239.316;;;;
232.448;;;;
212.317;;;;
179.008;;;;
132.940;;;;
77.608;;;;
23.716;;;;
0;;;;
0;;;;
0;;;;
0;;;;
0;;;;
0;;;;
0;;;;
0;;;;
0;;;;
0;;;;
0;;;;
22.250;;;;
78.466;;;;
136.539;;;;
182.906;;;;
216.033;;;;
235.726;;;;
242.081;;;;
235.431;;;;
215.337;;;;
182.015;;;;
135.835;;;;
80.107;;;;
25.183;;;;
0;;;;
0;;;;
0;;;;
0;;;;
0;;;;
0;;;;
0;;;;
0;;;;
0;;;;
0;;;;
0;;;;
23.428;;;;
79.414;;;;
136.290;;;;
182.510;;;;
216.024;;;;
235.752;;;;
241.441;;;;
233.724;;;;
211.434;;;;
175.553;;;;
127.087;;;;
72.180;;;;
22.683;;;;
0;;;;
0;;;;
0;;;;
0;;;;
0;;;;
0;;;;
0;;;;
0;;;;
0;;;;
0;;;;
0;;;;
24.247;;;;
80.166;;;;
137.392;;;;
184.210;;;;
217.596;;;;
236.137;;;;
240.633;;;;
231.208;;;;
208.259;;;;
171.575;;;;
122.664;;;;
66.699;;;;
19.967;;;;
0;;;;
0;;;;
0;;;;
0;;;;
0;;;;
0;;;;
0;;;;
0;;;;
0;;;;
0;;;;
0;;;;
18.298;;;;
62.581;;;;
115.875;;;;
155.127;;;;
148.746;;;;
179.198;;;;
223.571;;;;
213.241;;;;
192.095;;;;
130.413;;;;
43.054;;;;
8.038;;;;
766;;;;
0;;;;
0;;;;
0;;;;
0;;;;
0;;;;
0;;;;
0;;;;
0;;;;
0;;;;
0;;;;
0;;;;
26.752;;;;
83.911;;;;
135.898;;;;
142.158;;;;
135.221;;;;
161.089;;;;
164.873;;;;
126.805;;;;
86.220;;;;
63.414;;;;
41.015;;;;
26.763;;;;
10.931;;;;
0;;;;
0;;;;
0;;;;
0;;;;
0;;;;
0;;;;
0;;;;
0;;;;
0;;;;
0;;;;
0;;;;
15.152;;;;
75.892;;;;
123.119;;;;
112.096;;;;
198.001;;;;
174.318;;;;
107.330;;;;
106.930;;;;
116.636;;;;
156.616;;;;
124.045;;;;
63.297;;;;
17.399;;;;
0;;;;
0;;;;
0;;;;
0;;;;
0;;;;
0;;;;
0;;;;
0;;;;
0;;;;
0;;;;
0;;;;
22.279;;;;
51.973;;;;
70.476;;;;
67.429;;;;
87.549;;;;
124.272;;;;
136.859;;;;
131.559;;;;
133.496;;;;
113.613;;;;
70.644;;;;
31.996;;;;
9.326;;;;
0;;;;
0;;;;
0;;;;
0;;;;
0;;;;
0;;;;
0;;;;
0;;;;
0;;;;
0;;;;
0;;;;
16.421;;;;
57.356;;;;
102.715;;;;
116.155;;;;
139.592;;;;
143.986;;;;
140.794;;;;
129.363;;;;
121.502;;;;
106.217;;;;
83.197;;;;
53.849;;;;
24.343;;;;
217;;;;
0;;;;
0;;;;
0;;;;
0;;;;
0;;;;
0;;;;
0;;;;
0;;;;
0;;;;
0;;;;
22.612;;;;
59.232;;;;
107.487;;;;
158.521;;;;
187.264;;;;
213.811;;;;
228.896;;;;
206.794;;;;
142.070;;;;
87.503;;;;
64.774;;;;
40.931;;;;
18.568;;;;
0;;;;
0;;;;
0;;;;
0;;;;
0;;;;
0;;;;
0;;;;
0;;;;
0;;;;
0;;;;
0;;;;
13.871;;;;
49.475;;;;
115.341;;;;
189.608;;;;
230.005;;;;
249.361;;;;
254.827;;;;
246.985;;;;
225.784;;;;
191.289;;;;
144.202;;;;
88.278;;;;
33.022;;;;
686;;;;
0;;;;
0;;;;
0;;;;
0;;;;
0;;;;
0;;;;
0;;;;
0;;;;
0;;;;
0;;;;
20.455;;;;
47.627;;;;
98.488;;;;
148.778;;;;
206.867;;;;
238.914;;;;
246.226;;;;
237.138;;;;
216.113;;;;
182.421;;;;
135.322;;;;
80.300;;;;
31.219;;;;
937;;;;
0;;;;
0;;;;
0;;;;
0;;;;
0;;;;
0;;;;
0;;;;
0;;;;
0;;;;
0;;;;
5.983;;;;
23.903;;;;
72.553;;;;
146.758;;;;
209.304;;;;
233.716;;;;
242.870;;;;
222.256;;;;
181.217;;;;
119.189;;;;
62.652;;;;
23.143;;;;
8.137;;;;
0;;;;
0;;;;
0;;;;
0;;;;
0;;;;
0;;;;
0;;;;
0;;;;
0;;;;
0;;;;
0;;;;
17.214;;;;
62.533;;;;
98.500;;;;
185.413;;;;
211.580;;;;
220.851;;;;
220.536;;;;
209.064;;;;
183.025;;;;
155.701;;;;
111.153;;;;
59.837;;;;
24.894;;;;
807;;;;
0;;;;
0;;;;
0;;;;
0;;;;
0;;;;
0;;;;
0;;;;
0;;;;
0;;;;
0;;;;
4.731;;;;
24.460;;;;
87.021;;;;
137.380;;;;
146.119;;;;
160.795;;;;
151.603;;;;
128.483;;;;
121.016;;;;
103.291;;;;
70.902;;;;
35.243;;;;
18.380;;;;
787;;;;
0;;;;
0;;;;
0;;;;
0;;;;
0;;;;
0;;;;
0;;;;
0;;;;
0;;;;
0;;;;
13.368;;;;
23.935;;;;
57.524;;;;
94.562;;;;
169.093;;;;
175.346;;;;
184.007;;;;
190.171;;;;
184.392;;;;
156.297;;;;
116.998;;;;
63.542;;;;
26.484;;;;
2.047;;;;
0;;;;
0;;;;
0;;;;
0;;;;
0;;;;
0;;;;
0;;;;
0;;;;
0;;;;
2.051;;;;
33.815;;;;
88.396;;;;
138.626;;;;
169.078;;;;
184.773;;;;
193.688;;;;
217.237;;;;
200.216;;;;
159.859;;;;
114.323;;;;
75.992;;;;
39.923;;;;
16.459;;;;
822;;;;
0;;;;
0;;;;
0;;;;
0;;;;
0;;;;
0;;;;
0;;;;
0;;;;
0;;;;
1.688;;;;
27.269;;;;
62.527;;;;
117.586;;;;
150.058;;;;
178.116;;;;
202.378;;;;
209.689;;;;
209.985;;;;
200.883;;;;
180.804;;;;
135.644;;;;
81.575;;;;
30.629;;;;
2.637;;;;
0;;;;
0;;;;
0;;;;
0;;;;
0;;;;
0;;;;
0;;;;
0;;;;
0;;;;
0;;;;
5.314;;;;
23.920;;;;
76.245;;;;
130.859;;;;
103.059;;;;
143.417;;;;
127.472;;;;
65.333;;;;
52.564;;;;
33.347;;;;
31.647;;;;
17.726;;;;
4.756;;;;
0;;;;
0;;;;
0;;;;
0;;;;
0;;;;
0;;;;
0;;;;
0;;;;
0;;;;
0;;;;
2.866;;;;
34.309;;;;
86.831;;;;
146.601;;;;
183.906;;;;
202.440;;;;
184.506;;;;
148.888;;;;
124.337;;;;
107.578;;;;
80.109;;;;
54.070;;;;
31.962;;;;
18.722;;;;
2.082;;;;
0;;;;
0;;;;
0;;;;
0;;;;
0;;;;
0;;;;
0;;;;
0;;;;
0;;;;
0;;;;
8.226;;;;
24.977;;;;
41.652;;;;
83.769;;;;
178.703;;;;
178.089;;;;
192.642;;;;
201.661;;;;
192.410;;;;
165.592;;;;
129.512;;;;
80.786;;;;
32.005;;;;
3.538;;;;
0;;;;
0;;;;
0;;;;
0;;;;
0;;;;
0;;;;
0;;;;
0;;;;
0;;;;
38;;;;
12.815;;;;
37.051;;;;
54.597;;;;
72.652;;;;
81.501;;;;
73.898;;;;
74.012;;;;
76.671;;;;
75.607;;;;
80.493;;;;
79.519;;;;
62.193;;;;
35.826;;;;
6.037;;;;
0;;;;
0;;;;
0;;;;
0;;;;
0;;;;
0;;;;
0;;;;
0;;;;
0;;;;
3.814;;;;
34.967;;;;
95.026;;;;
154.272;;;;
203.277;;;;
238.851;;;;
254.198;;;;
249.697;;;;
233.643;;;;
214.482;;;;
183.153;;;;
139.877;;;;
90.243;;;;
37.295;;;;
5.529;;;;
0;;;;
0;;;;
0;;;;
0;;;;
0;;;;
0;;;;
0;;;;
0;;;;
0;;;;
4.070;;;;
43.916;;;;
102.997;;;;
157.701;;;;
208.419;;;;
243.166;;;;
261.386;;;;
266.484;;;;
258.966;;;;
238.678;;;;
203.118;;;;
159.287;;;;
105.185;;;;
46.831;;;;
5.073;;;;
0;;;;
0;;;;
0;;;;
0;;;;
0;;;;
0;;;;
0;;;;
0;;;;
0;;;;
4.683;;;;
41.794;;;;
87.120;;;;
142.885;;;;
192.425;;;;
236.872;;;;
256.374;;;;
262.223;;;;
255.990;;;;
236.439;;;;
204.008;;;;
158.016;;;;
98.230;;;;
46.567;;;;
5.790;;;;
0;;;;
0;;;;
0;;;;
0;;;;
0;;;;
0;;;;
0;;;;
0;;;;
0;;;;
4.409;;;;
47.653;;;;
107.541;;;;
163.996;;;;
210.119;;;;
242.503;;;;
260.534;;;;
265.355;;;;
257.555;;;;
237.292;;;;
203.595;;;;
154.515;;;;
96.822;;;;
41.555;;;;
6.341;;;;
0;;;;
0;;;;
0;;;;
0;;;;
0;;;;
0;;;;
0;;;;
0;;;;
0;;;;
5.958;;;;
45.088;;;;
99.921;;;;
152.066;;;;
195.954;;;;
231.188;;;;
244.279;;;;
243.889;;;;
212.733;;;;
172.202;;;;
125.704;;;;
92.246;;;;
51.825;;;;
18.270;;;;
1.306;;;;
0;;;;
0;;;;
0;;;;
0;;;;
0;;;;
0;;;;
0;;;;
0;;;;
0;;;;
2.424;;;;
22.296;;;;
51.173;;;;
80.895;;;;
97.081;;;;
99.854;;;;
115.355;;;;
131.878;;;;
119.973;;;;
91.223;;;;
81.562;;;;
63.336;;;;
52.963;;;;
35.229;;;;
7.774;;;;
0;;;;
0;;;;
0;;;;
0;;;;
0;;;;
0;;;;
0;;;;
0;;;;
0;;;;
6.095;;;;
32.433;;;;
70.033;;;;
119.446;;;;
157.361;;;;
168.832;;;;
158.512;;;;
128.769;;;;
111.598;;;;
106.485;;;;
97.784;;;;
68.977;;;;
53.013;;;;
25.819;;;;
4.620;;;;
0;;;;
0;;;;
0;;;;
0;;;;
0;;;;
0;;;;
0;;;;
0;;;;
0;;;;
2.817;;;;
26.856;;;;
69.633;;;;
114.805;;;;
149.624;;;;
142.321;;;;
111.770;;;;
98.843;;;;
90.103;;;;
76.337;;;;
65.124;;;;
53.423;;;;
39.876;;;;
23.811;;;;
6.026;;;;
0;;;;
0;;;;
0;;;;
0;;;;
0;;;;
0;;;;
0;;;;
0;;;;
0;;;;
7.450;;;;
41.408;;;;
88.387;;;;
143.989;;;;
170.769;;;;
193.489;;;;
204.519;;;;
201.755;;;;
170.585;;;;
129.301;;;;
67.458;;;;
35.837;;;;
23.696;;;;
9.901;;;;
161;;;;
0;;;;
0;;;;
0;;;;
0;;;;
0;;;;
0;;;;
0;;;;
0;;;;
0;;;;
0;;;;
4.366;;;;
13.759;;;;
26.298;;;;
39.561;;;;
51.015;;;;
67.046;;;;
83.725;;;;
106.351;;;;
103.730;;;;
81.895;;;;
59.219;;;;
35.185;;;;
14.501;;;;
1.444;;;;
0;;;;
0;;;;
0;;;;
0;;;;
0;;;;
0;;;;
0;;;;
0;;;;
0;;;;
434;;;;
10.880;;;;
30.225;;;;
67.444;;;;
165.746;;;;
223.743;;;;
251.677;;;;
257.227;;;;
246.880;;;;
222.405;;;;
187.382;;;;
146.641;;;;
83.363;;;;
41.950;;;;
9.477;;;;
0;;;;
0;;;;
0;;;;
0;;;;
0;;;;
0;;;;
0;;;;
0;;;;
0;;;;
8.562;;;;
45.465;;;;
92.412;;;;
137.762;;;;
179.617;;;;
218.019;;;;
238.996;;;;
241.841;;;;
218.313;;;;
182.245;;;;
135.129;;;;
92.116;;;;
55.255;;;;
27.468;;;;
6.554;;;;
0;;;;
0;;;;
0;;;;
0;;;;
0;;;;
0;;;;
0;;;;
0;;;;
0;;;;
7.857;;;;
39.400;;;;
78.003;;;;
103.899;;;;
127.757;;;;
157.275;;;;
182.946;;;;
200.687;;;;
194.644;;;;
167.348;;;;
130.571;;;;
99.460;;;;
72.296;;;;
38.705;;;;
9.251;;;;
0;;;;
0;;;;
0;;;;
0;;;;
0;;;;
0;;;;
0;;;;
0;;;;
0;;;;
9.251;;;;
46.967;;;;
96.855;;;;
147.655;;;;
196.141;;;;
223.976;;;;
244.541;;;;
250.075;;;;
240.563;;;;
218.315;;;;
180.988;;;;
125.915;;;;
76.323;;;;
28.200;;;;
7.809;;;;
0;;;;
0;;;;
0;;;;
0;;;;
0;;;;
0;;;;
0;;;;
0;;;;
0;;;;
9.655;;;;
50.449;;;;
100.337;;;;
153.584;;;;
195.618;;;;
223.647;;;;
233.010;;;;
233.872;;;;
225.314;;;;
196.699;;;;
147.148;;;;
92.810;;;;
43.907;;;;
25.505;;;;
9.639;;;;
0;;;;
0;;;;
0;;;;
0;;;;
0;;;;
0;;;;
0;;;;
0;;;;
0;;;;
1.035;;;;
16.694;;;;
48.392;;;;
90.856;;;;
138.465;;;;
182.218;;;;
205.537;;;;
203.829;;;;
203.676;;;;
194.434;;;;
164.897;;;;
88.464;;;;
43.828;;;;
18.188;;;;
1.853;;;;
0;;;;
0;;;;
0;;;;
0;;;;
0;;;;
0;;;;
0;;;;
0;;;;
0;;;;
4.821;;;;
25.970;;;;
65.768;;;;
110.940;;;;
134.389;;;;
114.860;;;;
67.099;;;;
76.281;;;;
71.684;;;;
71.843;;;;
56.576;;;;
51.030;;;;
39.361;;;;
18.537;;;;
7.407;;;;
0;;;;
0;;;;
0;;;;
0;;;;
0;;;;
0;;;;
0;;;;
0;;;;
0;;;;
9.526;;;;
55.004;;;;
113.291;;;;
166.937;;;;
209.778;;;;
240.050;;;;
257.538;;;;
261.708;;;;
253.239;;;;
233.702;;;;
201.237;;;;
157.965;;;;
106.654;;;;
52.454;;;;
11.157;;;;
0;;;;
0;;;;
0;;;;
0;;;;
0;;;;
0;;;;
0;;;;
0;;;;
0;;;;
9.558;;;;
31.979;;;;
46.395;;;;
64.235;;;;
99.155;;;;
143.746;;;;
192.663;;;;
217.571;;;;
213.330;;;;
197.004;;;;
172.067;;;;
128.125;;;;
54.421;;;;
29.618;;;;
10.581;;;;
0;;;;
0;;;;
0;;;;
0;;;;
0;;;;
0;;;;
0;;;;
0;;;;
0;;;;
10.315;;;;
47.023;;;;
98.139;;;;
153.981;;;;
194.583;;;;
224.286;;;;
241.007;;;;
247.325;;;;
240.985;;;;
221.224;;;;
192.133;;;;
152.128;;;;
98.058;;;;
49.788;;;;
12.051;;;;
0;;;;
0;;;;
0;;;;
0;;;;
0;;;;
0;;;;
0;;;;
0;;;;
0;;;;
10.761;;;;
46.558;;;;
100.458;;;;
154.392;;;;
195.062;;;;
220.779;;;;
229.597;;;;
222.028;;;;
205.713;;;;
198.395;;;;
181.687;;;;
148.387;;;;
102.164;;;;
51.953;;;;
12.024;;;;
0;;;;
0;;;;
0;;;;
0;;;;
0;;;;
0;;;;
0;;;;
0;;;;
0;;;;
10.602;;;;
49.481;;;;
103.415;;;;
152.575;;;;
190.855;;;;
219.022;;;;
235.915;;;;
240.886;;;;
235.375;;;;
219.007;;;;
191.222;;;;
152.189;;;;
104.423;;;;
53.422;;;;
11.718;;;;
0;;;;
0;;;;
0;;;;
0;;;;
0;;;;
0;;;;
0;;;;
0;;;;
0;;;;
8.271;;;;
30.531;;;;
35.709;;;;
58.829;;;;
135.290;;;;
193.310;;;;
209.521;;;;
165.629;;;;
87.620;;;;
109.743;;;;
115.124;;;;
60.346;;;;
21.144;;;;
30.499;;;;
13.285;;;;
0;;;;
0;;;;
0;;;;
0;;;;
0;;;;
0;;;;
0;;;;
0;;;;
0;;;;
11.710;;;;
48.456;;;;
97.246;;;;
142.917;;;;
180.110;;;;
212.692;;;;
225.861;;;;
218.796;;;;
217.177;;;;
202.032;;;;
169.428;;;;
122.730;;;;
70.807;;;;
24.974;;;;
4.665;;;;
0;;;;
0;;;;
0;;;;
0;;;;
0;;;;
0;;;;
0;;;;
0;;;;
0;;;;
11.267;;;;
34.160;;;;
72.904;;;;
133.466;;;;
179.648;;;;
189.768;;;;
197.694;;;;
209.325;;;;
212.265;;;;
206.885;;;;
183.439;;;;
145.358;;;;
96.761;;;;
48.812;;;;
12.742;;;;
0;;;;
0;;;;
0;;;;
0;;;;
0;;;;
0;;;;
0;;;;
0;;;;
0;;;;
6.115;;;;
28.431;;;;
83.689;;;;
133.622;;;;
162.200;;;;
192.919;;;;
216.994;;;;
211.140;;;;
163.220;;;;
105.368;;;;
83.067;;;;
91.842;;;;
98.626;;;;
56.161;;;;
15.419;;;;
0;;;;
0;;;;
0;;;;
0;;;;
0;;;;
0;;;;
0;;;;
0;;;;
0;;;;
10.320;;;;
40.772;;;;
106.722;;;;
158.201;;;;
184.323;;;;
188.635;;;;
220.564;;;;
248.600;;;;
242.443;;;;
223.478;;;;
192.245;;;;
125.046;;;;
63.684;;;;
34.607;;;;
10.682;;;;
0;;;;
0;;;;
0;;;;
0;;;;
0;;;;
0;;;;
0;;;;
0;;;;
0;;;;
12.993;;;;
49.058;;;;
85.116;;;;
135.568;;;;
186.669;;;;
219.055;;;;
241.953;;;;
245.511;;;;
228.344;;;;
198.038;;;;
169.554;;;;
134.972;;;;
96.104;;;;
51.226;;;;
14.951;;;;
0;;;;
0;;;;
0;;;;
0;;;;
0;;;;
0;;;;
0;;;;
0;;;;
0;;;;
8.991;;;;
29.067;;;;
95.542;;;;
109.446;;;;
127.011;;;;
128.586;;;;
151.859;;;;
189.657;;;;
218.191;;;;
210.106;;;;
190.334;;;;
138.365;;;;
75.813;;;;
30.623;;;;
7.173;;;;
0;;;;
0;;;;
0;;;;
0;;;;
0;;;;
0;;;;
0;;;;
0;;;;
0;;;;
1.349;;;;
15.118;;;;
42.874;;;;
85.862;;;;
156.944;;;;
143.191;;;;
127.464;;;;
100.076;;;;
115.441;;;;
102.397;;;;
61.817;;;;
101.400;;;;
76.761;;;;
7.956;;;;
499;;;;
0;;;;
0;;;;
0;;;;
0;;;;
0;;;;
0;;;;
0;;;;
0;;;;
0;;;;
12.218;;;;
44.379;;;;
80.595;;;;
128.498;;;;
194.249;;;;
216.691;;;;
224.363;;;;
190.277;;;;
125.478;;;;
103.402;;;;
66.016;;;;
53.964;;;;
39.604;;;;
12.884;;;;
1.913;;;;
0;;;;
0;;;;
0;;;;
0;;;;
0;;;;
0;;;;
0;;;;
0;;;;
0;;;;
12.314;;;;
49.238;;;;
97.406;;;;
94.626;;;;
52.756;;;;
81.395;;;;
125.239;;;;
176.912;;;;
218.191;;;;
212.301;;;;
191.028;;;;
155.534;;;;
108.592;;;;
57.852;;;;
16.486;;;;
0;;;;
0;;;;
0;;;;
0;;;;
0;;;;
0;;;;
0;;;;
0;;;;
0;;;;
13.105;;;;
56.272;;;;
110.254;;;;
162.016;;;;
201.919;;;;
226.230;;;;
238.204;;;;
225.759;;;;
215.566;;;;
209.287;;;;
181.034;;;;
140.613;;;;
93.766;;;;
43.092;;;;
12.518;;;;
0;;;;
0;;;;
0;;;;
0;;;;
0;;;;
0;;;;
0;;;;
0;;;;
0;;;;
14.087;;;;
57.821;;;;
98.204;;;;
128.823;;;;
155.996;;;;
208.066;;;;
195.094;;;;
201.621;;;;
198.801;;;;
170.572;;;;
130.001;;;;
94.713;;;;
63.852;;;;
28.878;;;;
5.229;;;;
0;;;;
0;;;;
0;;;;
0;;;;
0;;;;
0;;;;
0;;;;
0;;;;
0;;;;
3.766;;;;
18.492;;;;
61.379;;;;
109.669;;;;
170.765;;;;
210.592;;;;
219.805;;;;
200.643;;;;
163.672;;;;
161.094;;;;
168.953;;;;
132.528;;;;
87.476;;;;
45.008;;;;
15.370;;;;
0;;;;
0;;;;
0;;;;
0;;;;
0;;;;
0;;;;
0;;;;
0;;;;
0;;;;
13.656;;;;
54.791;;;;
106.500;;;;
155.598;;;;
194.936;;;;
221.603;;;;
237.285;;;;
238.766;;;;
224.005;;;;
203.547;;;;
162.517;;;;
107.345;;;;
75.456;;;;
35.631;;;;
14.318;;;;
0;;;;
0;;;;
0;;;;
0;;;;
0;;;;
0;;;;
0;;;;
0;;;;
0;;;;
12.696;;;;
55.186;;;;
107.395;;;;
155.358;;;;
194.490;;;;
223.170;;;;
240.052;;;;
245.549;;;;
239.355;;;;
219.623;;;;
192.229;;;;
153.184;;;;
104.509;;;;
54.657;;;;
15.309;;;;
0;;;;
0;;;;
0;;;;
0;;;;
0;;;;
0;;;;
0;;;;
0;;;;
0;;;;
13.933;;;;
54.989;;;;
105.870;;;;
152.682;;;;
190.401;;;;
211.800;;;;
201.059;;;;
209.686;;;;
220.902;;;;
196.917;;;;
135.169;;;;
68.684;;;;
33.772;;;;
20.863;;;;
9.855;;;;
0;;;;
0;;;;
0;;;;
0;;;;
0;;;;
0;;;;
0;;;;
0;;;;
0;;;;
13.873;;;;
55.175;;;;
106.102;;;;
152.897;;;;
190.248;;;;
213.277;;;;
210.981;;;;
141.027;;;;
98.980;;;;
115.389;;;;
138.602;;;;
121.616;;;;
81.544;;;;
39.240;;;;
5.213;;;;
0;;;;
0;;;;
0;;;;
0;;;;
0;;;;
0;;;;
0;;;;
0;;;;
0;;;;
14.691;;;;
47.942;;;;
81.947;;;;
117.033;;;;
168.561;;;;
192.740;;;;
177.270;;;;
130.958;;;;
126.334;;;;
100.598;;;;
70.627;;;;
57.501;;;;
42.838;;;;
30.349;;;;
11.296;;;;
0;;;;
0;;;;
0;;;;
0;;;;
0;;;;
0;;;;
0;;;;
0;;;;
0;;;;
13.374;;;;
56.391;;;;
111.502;;;;
162.582;;;;
203.887;;;;
233.475;;;;
250.335;;;;
254.904;;;;
247.755;;;;
224.845;;;;
198.651;;;;
158.051;;;;
100.913;;;;
49.388;;;;
14.088;;;;
0;;;;
0;;;;
0;;;;
0;;;;
0;;;;
0;;;;
0;;;;
0;;;;
0;;;;
13.276;;;;
54.715;;;;
106.786;;;;
155.983;;;;
194.421;;;;
219.210;;;;
233.449;;;;
237.278;;;;
228.080;;;;
201.058;;;;
168.896;;;;
137.064;;;;
91.451;;;;
43.463;;;;
15.372;;;;
0;;;;
0;;;;
0;;;;
0;;;;
0;;;;
0;;;;
0;;;;
0;;;;
0;;;;
12.713;;;;
53.514;;;;
104.496;;;;
151.889;;;;
190.489;;;;
217.888;;;;
234.227;;;;
239.570;;;;
233.867;;;;
217.129;;;;
189.310;;;;
149.846;;;;
100.661;;;;
51.681;;;;
15.188;;;;
0;;;;
0;;;;
0;;;;
0;;;;
0;;;;
0;;;;
0;;;;
0;;;;
0;;;;
12.894;;;;
50.235;;;;
101.800;;;;
149.599;;;;
188.846;;;;
216.296;;;;
231.703;;;;
236.194;;;;
229.966;;;;
212.605;;;;
180.874;;;;
129.071;;;;
77.670;;;;
39.273;;;;
12.508;;;;
0;;;;
0;;;;
0;;;;
0;;;;
0;;;;
0;;;;
0;;;;
0;;;;
0;;;;
12.930;;;;
46.996;;;;
83.463;;;;
133.303;;;;
178.743;;;;
210.407;;;;
226.426;;;;
229.968;;;;
223.127;;;;
206.009;;;;
178.458;;;;
136.759;;;;
88.466;;;;
38.684;;;;
7.415;;;;
0;;;;
0;;;;
0;;;;
0;;;;
0;;;;
0;;;;
0;;;;
0;;;;
0;;;;
12.529;;;;
49.900;;;;
98.145;;;;
144.324;;;;
182.250;;;;
209.845;;;;
225.874;;;;
230.662;;;;
222.872;;;;
205.819;;;;
178.271;;;;
141.143;;;;
96.990;;;;
51.519;;;;
15.181;;;;
0;;;;
0;;;;
0;;;;
0;;;;
0;;;;
0;;;;
0;;;;
0;;;;
0;;;;
12.197;;;;
52.988;;;;
105.584;;;;
155.636;;;;
196.474;;;;
226.257;;;;
243.444;;;;
249.027;;;;
244.248;;;;
227.373;;;;
199.069;;;;
159.630;;;;
111.182;;;;
59.058;;;;
15.461;;;;
0;;;;
0;;;;
0;;;;
0;;;;
0;;;;
0;;;;
0;;;;
0;;;;
0;;;;
11.389;;;;
55.552;;;;
109.824;;;;
160.221;;;;
200.646;;;;
229.146;;;;
245.245;;;;
249.716;;;;
243.200;;;;
225.499;;;;
196.835;;;;
157.588;;;;
109.876;;;;
58.496;;;;
15.198;;;;
0;;;;
0;;;;
0;;;;
0;;;;
0;;;;
0;;;;
0;;;;
0;;;;
0;;;;
10.497;;;;
55.725;;;;
109.899;;;;
158.256;;;;
197.168;;;;
224.412;;;;
239.735;;;;
243.821;;;;
237.532;;;;
220.391;;;;
192.614;;;;
154.570;;;;
107.957;;;;
57.497;;;;
14.602;;;;
0;;;;
0;;;;
0;;;;
0;;;;
0;;;;
0;;;;
0;;;;
0;;;;
0;;;;
11.604;;;;
54.100;;;;
104.292;;;;
148.526;;;;
183.898;;;;
208.735;;;;
222.550;;;;
225.669;;;;
216.909;;;;
197.557;;;;
164.828;;;;
73.025;;;;
35.195;;;;
34.621;;;;
13.778;;;;
0;;;;
0;;;;
0;;;;
0;;;;
0;;;;
0;;;;
0;;;;
0;;;;
0;;;;
11.221;;;;
42.947;;;;
91.489;;;;
148.032;;;;
190.263;;;;
219.172;;;;
235.275;;;;
241.648;;;;
235.120;;;;
219.589;;;;
195.395;;;;
156.954;;;;
109.507;;;;
58.389;;;;
15.677;;;;
0;;;;
0;;;;
0;;;;
0;;;;
0;;;;
0;;;;
0;;;;
0;;;;
0;;;;
11.499;;;;
53.772;;;;
106.173;;;;
154.218;;;;
190.541;;;;
206.962;;;;
225.595;;;;
245.746;;;;
226.785;;;;
195.486;;;;
179.219;;;;
148.984;;;;
105.687;;;;
53.910;;;;
15.455;;;;
0;;;;
0;;;;
0;;;;
0;;;;
0;;;;
0;;;;
0;;;;
0;;;;
0;;;;
10.164;;;;
54.929;;;;
109.240;;;;
158.871;;;;
201.285;;;;
230.731;;;;
248.182;;;;
253.792;;;;
247.265;;;;
229.973;;;;
201.210;;;;
161.327;;;;
112.266;;;;
59.313;;;;
15.083;;;;
0;;;;
0;;;;
0;;;;
0;;;;
0;;;;
0;;;;
0;;;;
0;;;;
0;;;;
10.193;;;;
55.322;;;;
109.891;;;;
160.515;;;;
201.082;;;;
228.665;;;;
244.982;;;;
250.073;;;;
243.593;;;;
225.847;;;;
194.110;;;;
151.937;;;;
105.834;;;;
56.001;;;;
14.832;;;;
0;;;;
0;;;;
0;;;;
0;;;;
0;;;;
0;;;;
0;;;;
0;;;;
0;;;;
9.507;;;;
41.329;;;;
100.647;;;;
152.578;;;;
194.146;;;;
223.737;;;;
240.475;;;;
245.182;;;;
237.782;;;;
219.636;;;;
191.161;;;;
140.728;;;;
94.437;;;;
50.526;;;;
14.482;;;;
0;;;;
0;;;;
0;;;;
0;;;;
0;;;;
0;;;;
0;;;;
0;;;;
0;;;;
12.043;;;;
47.195;;;;
94.617;;;;
143.213;;;;
183.527;;;;
211.625;;;;
212.647;;;;
188.289;;;;
167.481;;;;
147.140;;;;
124.668;;;;
90.150;;;;
51.889;;;;
23.814;;;;
5.318;;;;
0;;;;
0;;;;
0;;;;
0;;;;
0;;;;
0;;;;
0;;;;
0;;;;
0;;;;
11.395;;;;
51.438;;;;
104.123;;;;
158.135;;;;
200.382;;;;
227.843;;;;
243.627;;;;
249.425;;;;
241.832;;;;
226.334;;;;
193.229;;;;
141.605;;;;
92.434;;;;
46.552;;;;
11.255;;;;
0;;;;
0;;;;
0;;;;
0;;;;
0;;;;
0;;;;
0;;;;
0;;;;
0;;;;
11.393;;;;
54.719;;;;
106.643;;;;
152.794;;;;
191.423;;;;
220.622;;;;
229.499;;;;
162.685;;;;
113.776;;;;
119.275;;;;
110.445;;;;
42.105;;;;
22.714;;;;
34.286;;;;
15.625;;;;
0;;;;
0;;;;
0;;;;
0;;;;
0;;;;
0;;;;
0;;;;
0;;;;
0;;;;
10.723;;;;
49.363;;;;
97.534;;;;
141.750;;;;
177.451;;;;
210.320;;;;
236.515;;;;
244.554;;;;
239.658;;;;
224.806;;;;
192.635;;;;
153.784;;;;
107.120;;;;
56.105;;;;
14.507;;;;
0;;;;
0;;;;
0;;;;
0;;;;
0;;;;
0;;;;
0;;;;
0;;;;
0;;;;
10.702;;;;
51.682;;;;
102.955;;;;
154.784;;;;
197.807;;;;
226.162;;;;
241.058;;;;
243.252;;;;
235.899;;;;
209.390;;;;
163.488;;;;
108.326;;;;
49.673;;;;
13.432;;;;
923;;;;
0;;;;
0;;;;
0;;;;
0;;;;
0;;;;
0;;;;
0;;;;
0;;;;
0;;;;
1.245;;;;
9.512;;;;
20.108;;;;
26.209;;;;
34.665;;;;
48.632;;;;
68.894;;;;
88.546;;;;
99.133;;;;
123.039;;;;
145.439;;;;
119.246;;;;
70.565;;;;
33.849;;;;
11.090;;;;
0;;;;
0;;;;
0;;;;
0;;;;
0;;;;
0;;;;
0;;;;
0;;;;
0;;;;
10.806;;;;
44.813;;;;
86.140;;;;
128.314;;;;
162.899;;;;
199.081;;;;
218.502;;;;
209.579;;;;
182.741;;;;
151.523;;;;
79.861;;;;
55.074;;;;
37.899;;;;
18.397;;;;
4.691;;;;
0;;;;
0;;;;
0;;;;
0;;;;
0;;;;
0;;;;
0;;;;
0;;;;
0;;;;
8.964;;;;
38.470;;;;
83.026;;;;
140.461;;;;
173.487;;;;
192.951;;;;
191.579;;;;
184.475;;;;
181.633;;;;
134.043;;;;
130.892;;;;
96.801;;;;
75.325;;;;
37.343;;;;
10.969;;;;
0;;;;
0;;;;
0;;;;
0;;;;
0;;;;
0;;;;
0;;;;
0;;;;
0;;;;
4.089;;;;
22.742;;;;
55.037;;;;
108.073;;;;
148.777;;;;
175.295;;;;
198.774;;;;
212.623;;;;
209.023;;;;
191.116;;;;
172.078;;;;
129.166;;;;
74.333;;;;
30.519;;;;
7.827;;;;
0;;;;
0;;;;
0;;;;
0;;;;
0;;;;
0;;;;
0;;;;
0;;;;
0;;;;
7.395;;;;
30.932;;;;
59.437;;;;
86.226;;;;
116.187;;;;
168.875;;;;
203.560;;;;
231.288;;;;
238.365;;;;
224.961;;;;
196.936;;;;
157.199;;;;
108.282;;;;
55.945;;;;
13.307;;;;
0;;;;
0;;;;
0;;;;
0;;;;
0;;;;
0;;;;
0;;;;
0;;;;
0;;;;
8.664;;;;
45.458;;;;
87.988;;;;
143.072;;;;
187.249;;;;
223.351;;;;
240.979;;;;
244.944;;;;
238.171;;;;
221.022;;;;
189.884;;;;
145.239;;;;
91.656;;;;
41.143;;;;
10.227;;;;
0;;;;
0;;;;
0;;;;
0;;;;
0;;;;
0;;;;
0;;;;
0;;;;
0;;;;
8.827;;;;
42.744;;;;
82.840;;;;
127.817;;;;
175.732;;;;
205.426;;;;
227.445;;;;
233.556;;;;
223.747;;;;
209.054;;;;
181.939;;;;
142.559;;;;
95.151;;;;
46.721;;;;
11.640;;;;
0;;;;
0;;;;
0;;;;
0;;;;
0;;;;
0;;;;
0;;;;
0;;;;
0;;;;
6.444;;;;
36.369;;;;
88.912;;;;
136.909;;;;
177.403;;;;
200.255;;;;
214.790;;;;
201.904;;;;
168.360;;;;
141.576;;;;
81.827;;;;
41.715;;;;
33.703;;;;
27.316;;;;
6.317;;;;
0;;;;
0;;;;
0;;;;
0;;;;
0;;;;
0;;;;
0;;;;
0;;;;
0;;;;
5.750;;;;
29.837;;;;
72.600;;;;
131.134;;;;
171.038;;;;
204.302;;;;
228.028;;;;
231.220;;;;
223.575;;;;
200.029;;;;
169.098;;;;
131.412;;;;
91.910;;;;
48.301;;;;
11.356;;;;
0;;;;
0;;;;
0;;;;
0;;;;
0;;;;
0;;;;
0;;;;
0;;;;
0;;;;
7.108;;;;
41.342;;;;
89.903;;;;
137.485;;;;
175.321;;;;
197.577;;;;
156.048;;;;
121.717;;;;
180.971;;;;
166.388;;;;
118.191;;;;
66.989;;;;
37.461;;;;
16.552;;;;
3.620;;;;
0;;;;
0;;;;
0;;;;
0;;;;
0;;;;
0;;;;
0;;;;
0;;;;
0;;;;
6.621;;;;
44.606;;;;
96.872;;;;
146.211;;;;
186.037;;;;
213.927;;;;
229.399;;;;
218.968;;;;
182.345;;;;
191.491;;;;
173.605;;;;
136.919;;;;
88.866;;;;
44.301;;;;
10.405;;;;
0;;;;
0;;;;
0;;;;
0;;;;
0;;;;
0;;;;
0;;;;
0;;;;
0;;;;
7.100;;;;
29.641;;;;
66.325;;;;
129.583;;;;
155.854;;;;
183.082;;;;
202.295;;;;
200.765;;;;
195.921;;;;
186.403;;;;
169.444;;;;
138.030;;;;
95.097;;;;
47.864;;;;
10.199;;;;
0;;;;
0;;;;
0;;;;
0;;;;
0;;;;
0;;;;
0;;;;
0;;;;
0;;;;
6.423;;;;
42.967;;;;
94.421;;;;
142.879;;;;
182.478;;;;
210.686;;;;
226.898;;;;
231.697;;;;
225.397;;;;
208.105;;;;
179.999;;;;
141.582;;;;
95.103;;;;
46.482;;;;
9.016;;;;
0;;;;
0;;;;
0;;;;
0;;;;
0;;;;
0;;;;
0;;;;
0;;;;
0;;;;
5.974;;;;
42.535;;;;
93.914;;;;
140.980;;;;
178.302;;;;
205.422;;;;
220.886;;;;
225.564;;;;
219.667;;;;
202.432;;;;
174.038;;;;
135.244;;;;
88.908;;;;
42.297;;;;
8.089;;;;
0;;;;
0;;;;
0;;;;
0;;;;
0;;;;
0;;;;
0;;;;
0;;;;
0;;;;
6.100;;;;
38.701;;;;
85.938;;;;
132.492;;;;
169.600;;;;
193.023;;;;
207.873;;;;
212.236;;;;
205.924;;;;
188.833;;;;
161.042;;;;
124.476;;;;
81.176;;;;
38.793;;;;
7.502;;;;
0;;;;
0;;;;
0;;;;
0;;;;
0;;;;
0;;;;
0;;;;
0;;;;
0;;;;
5.995;;;;
39.868;;;;
89.073;;;;
135.568;;;;
172.885;;;;
197.637;;;;
211.562;;;;
215.262;;;;
207.485;;;;
188.074;;;;
157.286;;;;
111.169;;;;
55.252;;;;
21.248;;;;
2.442;;;;
0;;;;
0;;;;
0;;;;
0;;;;
0;;;;
0;;;;
0;;;;
0;;;;
0;;;;
0;;;;
7.974;;;;
24.704;;;;
38.181;;;;
54.718;;;;
70.582;;;;
85.947;;;;
94.817;;;;
90.660;;;;
76.104;;;;
42.641;;;;
20.767;;;;
11.556;;;;
5.314;;;;
0;;;;
0;;;;
0;;;;
0;;;;
0;;;;
0;;;;
0;;;;
0;;;;
0;;;;
0;;;;
3.224;;;;
25.408;;;;
58.437;;;;
93.978;;;;
129.252;;;;
156.795;;;;
183.964;;;;
173.849;;;;
149.781;;;;
116.935;;;;
92.068;;;;
61.017;;;;
35.935;;;;
13.865;;;;
798;;;;
0;;;;
0;;;;
0;;;;
0;;;;
0;;;;
0;;;;
0;;;;
0;;;;
0;;;;
4.865;;;;
37.315;;;;
87.279;;;;
138.182;;;;
181.258;;;;
213.351;;;;
231.482;;;;
237.230;;;;
231.336;;;;
212.676;;;;
183.952;;;;
143.058;;;;
93.470;;;;
43.940;;;;
6.922;;;;
0;;;;
0;;;;
0;;;;
0;;;;
0;;;;
0;;;;
0;;;;
0;;;;
0;;;;
4.918;;;;
40.123;;;;
93.345;;;;
143.478;;;;
183.870;;;;
212.367;;;;
228.717;;;;
233.589;;;;
226.780;;;;
208.292;;;;
162.636;;;;
85.123;;;;
47.465;;;;
27.808;;;;
5.087;;;;
0;;;;
0;;;;
0;;;;
0;;;;
0;;;;
0;;;;
0;;;;
0;;;;
0;;;;
4.729;;;;
36.105;;;;
79.499;;;;
135.328;;;;
171.917;;;;
183.108;;;;
185.029;;;;
206.482;;;;
201.058;;;;
184.967;;;;
152.453;;;;
106.080;;;;
64.951;;;;
33.839;;;;
4.539;;;;
0;;;;
0;;;;
0;;;;
0;;;;
0;;;;
0;;;;
0;;;;
0;;;;
0;;;;
4.183;;;;
38.889;;;;
92.138;;;;
143.592;;;;
185.731;;;;
215.640;;;;
232.703;;;;
235.373;;;;
225.420;;;;
204.930;;;;
172.545;;;;
130.755;;;;
84.230;;;;
34.536;;;;
4.818;;;;
0;;;;
0;;;;
0;;;;
0;;;;
0;;;;
0;;;;
0;;;;
0;;;;
0;;;;
3.716;;;;
35.585;;;;
86.629;;;;
137.440;;;;
175.683;;;;
201.935;;;;
216.316;;;;
218.758;;;;
210.165;;;;
185.218;;;;
145.051;;;;
86.555;;;;
52.813;;;;
25.279;;;;
2.123;;;;
0;;;;
0;;;;
0;;;;
0;;;;
0;;;;
0;;;;
0;;;;
0;;;;
0;;;;
2.447;;;;
30.547;;;;
76.946;;;;
131.917;;;;
174.397;;;;
204.659;;;;
224.134;;;;
233.350;;;;
227.012;;;;
193.033;;;;
167.091;;;;
127.324;;;;
79.389;;;;
32.033;;;;
3.672;;;;
0;;;;
0;;;;
0;;;;
0;;;;
0;;;;
0;;;;
0;;;;
0;;;;
0;;;;
2.508;;;;
32.413;;;;
77.773;;;;
126.384;;;;
174.569;;;;
206.774;;;;
222.226;;;;
231.060;;;;
226.225;;;;
203.570;;;;
170.274;;;;
127.886;;;;
48.458;;;;
12.800;;;;
1.162;;;;
0;;;;
0;;;;
0;;;;
0;;;;
0;;;;
0;;;;
0;;;;
0;;;;
0;;;;
915;;;;
11.677;;;;
27.218;;;;
53.213;;;;
92.285;;;;
121.247;;;;
151.166;;;;
181.869;;;;
196.272;;;;
188.470;;;;
170.916;;;;
134.170;;;;
87.174;;;;
36.366;;;;
3.274;;;;
0;;;;
0;;;;
0;;;;
0;;;;
0;;;;
0;;;;
0;;;;
0;;;;
0;;;;
879;;;;
15.008;;;;
31.969;;;;
52.183;;;;
71.690;;;;
95.163;;;;
121.300;;;;
154.988;;;;
164.158;;;;
126.296;;;;
73.056;;;;
98.767;;;;
65.664;;;;
29.820;;;;
3.104;;;;
0;;;;
0;;;;
0;;;;
0;;;;
0;;;;
0;;;;
0;;;;
0;;;;
0;;;;
0;;;;
9.667;;;;
38.332;;;;
79.468;;;;
101.165;;;;
123.360;;;;
175.109;;;;
174.112;;;;
154.248;;;;
132.435;;;;
123.419;;;;
123.847;;;;
78.869;;;;
29.606;;;;
1.423;;;;
0;;;;
0;;;;
0;;;;
0;;;;
0;;;;
0;;;;
0;;;;
0;;;;
0;;;;
1.611;;;;
32.003;;;;
77.137;;;;
105.816;;;;
151.865;;;;
210.857;;;;
226.870;;;;
224.500;;;;
213.487;;;;
196.893;;;;
137.332;;;;
43.558;;;;
63.788;;;;
24.681;;;;
1.700;;;;
0;;;;
0;;;;
0;;;;
0;;;;
0;;;;
0;;;;
0;;;;
0;;;;
0;;;;
0;;;;
11.555;;;;
39.568;;;;
55.069;;;;
85.357;;;;
166.650;;;;
199.890;;;;
198.119;;;;
195.137;;;;
153.348;;;;
66.726;;;;
41.437;;;;
22.313;;;;
3.753;;;;
0;;;;
0;;;;
0;;;;
0;;;;
0;;;;
0;;;;
0;;;;
0;;;;
0;;;;
0;;;;
841;;;;
22.801;;;;
53.050;;;;
100.901;;;;
171.470;;;;
190.597;;;;
214.081;;;;
230.397;;;;
227.022;;;;
209.017;;;;
177.141;;;;
132.624;;;;
77.085;;;;
35.392;;;;
1.167;;;;
0;;;;
0;;;;
0;;;;
0;;;;
0;;;;
0;;;;
0;;;;
0;;;;
0;;;;
0;;;;
16.995;;;;
45.305;;;;
89.761;;;;
115.422;;;;
149.214;;;;
170.911;;;;
223.714;;;;
227.816;;;;
100.661;;;;
62.296;;;;
77.835;;;;
63.710;;;;
35.809;;;;
1.601;;;;
0;;;;
0;;;;
0;;;;
0;;;;
0;;;;
0;;;;
0;;;;
0;;;;
0;;;;
487;;;;
30.970;;;;
83.035;;;;
134.090;;;;
176.829;;;;
200.750;;;;
211.655;;;;
203.697;;;;
167.377;;;;
137.200;;;;
76.122;;;;
47.484;;;;
27.263;;;;
10.104;;;;
0;;;;
0;;;;
0;;;;
0;;;;
0;;;;
0;;;;
0;;;;
0;;;;
0;;;;
0;;;;
0;;;;
18.097;;;;
58.149;;;;
123.798;;;;
171.214;;;;
201.093;;;;
218.076;;;;
219.247;;;;
199.523;;;;
139.075;;;;
74.753;;;;
72.030;;;;
55.604;;;;
16.494;;;;
0;;;;
0;;;;
0;;;;
0;;;;
0;;;;
0;;;;
0;;;;
0;;;;
0;;;;
0;;;;
0;;;;
27.270;;;;
81.359;;;;
136.097;;;;
182.481;;;;
215.577;;;;
234.944;;;;
240.790;;;;
231.978;;;;
197.547;;;;
124.336;;;;
65.584;;;;
46.011;;;;
24.003;;;;
0;;;;
0;;;;
0;;;;
0;;;;
0;;;;
0;;;;
0;;;;
0;;;;
0;;;;
0;;;;
0;;;;
2.878;;;;
18.728;;;;
48.736;;;;
94.220;;;;
158.890;;;;
180.971;;;;
180.979;;;;
155.972;;;;
112.527;;;;
61.691;;;;
44.574;;;;
40.597;;;;
25.845;;;;
0;;;;
0;;;;
0;;;;
0;;;;
0;;;;
0;;;;
0;;;;
0;;;;
0;;;;
0;;;;
0;;;;
24.930;;;;
70.228;;;;
114.186;;;;
152.643;;;;
143.130;;;;
101.874;;;;
130.157;;;;
192.978;;;;
175.017;;;;
121.430;;;;
75.578;;;;
33.821;;;;
7.010;;;;
0;;;;
0;;;;
0;;;;
0;;;;
0;;;;
0;;;;
0;;;;
0;;;;
0;;;;
0;;;;
0;;;;
6.571;;;;
26.411;;;;
54.830;;;;
71.112;;;;
61.371;;;;
69.369;;;;
79.710;;;;
77.559;;;;
104.844;;;;
48.892;;;;
34.650;;;;
24.992;;;;
7.455;;;;
0;;;;
0;;;;
0;;;;
0;;;;
0;;;;
0;;;;
0;;;;
0;;;;
0;;;;
0;;;;
0;;;;
3.827;;;;
27.452;;;;
54.035;;;;
79.873;;;;
81.097;;;;
106.466;;;;
126.701;;;;
119.068;;;;
110.913;;;;
90.962;;;;
63.754;;;;
30.944;;;;
11.536;;;;
0;;;;
0;;;;
0;;;;
0;;;;
0;;;;
0;;;;
0;;;;
0;;;;
0;;;;
0;;;;
0;;;;
24.617;;;;
79.583;;;;
134.955;;;;
180.258;;;;
210.770;;;;
226.636;;;;
230.660;;;;
221.743;;;;
200.306;;;;
168.541;;;;
126.557;;;;
72.392;;;;
23.864;;;;
0;;;;
0;;;;
0;;;;
0;;;;
0;;;;
0;;;;
0;;;;
0;;;;
0;;;;
0;;;;
0;;;;
23.106;;;;
69.793;;;;
115.914;;;;
151.642;;;;
170.797;;;;
176.323;;;;
159.561;;;;
145.193;;;;
135.514;;;;
105.395;;;;
71.925;;;;
35.229;;;;
14.631;;;;
0;;;;
0;;;;
0;;;;
0;;;;
0;;;;
0;;;;
0;;;;
0;;;;
0;;;;
0;;;;
0;;;;
22.766;;;;
76.403;;;;
131.257;;;;
176.968;;;;
209.599;;;;
228.882;;;;
234.870;;;;
227.137;;;;
206.033;;;;
147.610;;;;
80.985;;;;
40.400;;;;
15.378;;;;
0;;;;
0;;;;
0;;;;
0;;;;
0;;;;
0;;;;
0;;;;
0;;;;
0;;;;
0;;;;
0;;;;
21.790;;;;
75.283;;;;
129.696;;;;
173.566;;;;
205.327;;;;
223.928;;;;
225.762;;;;
211.463;;;;
189.238;;;;
167.671;;;;
128.343;;;;
75.794;;;;
24.249;;;;
0;;;;
0;;;;
0;;;;
0;;;;
0;;;;
0;;;;
0;;;;
0;;;;
0;;;;
0;;;;
0;;;;
20.535;;;;
73.175;;;;
127.476;;;;
170.880;;;;
202.478;;;;
221.245;;;;
226.970;;;;
220.456;;;;
201.031;;;;
168.842;;;;
124.671;;;;
72.235;;;;
22.242;;;;
0;;;;
0;;;;
0;;;;
0;;;;
0;;;;
0;;;;
0;;;;
0;;;;
0;;;;
0;;;;
0;;;;
20.118;;;;
73.302;;;;
127.680;;;;
170.566;;;;
201.670;;;;
220.225;;;;
226.228;;;;
219.730;;;;
200.663;;;;
169.183;;;;
125.769;;;;
73.412;;;;
22.377;;;;
0;;;;
0;;;;
0;;;;
0;;;;
0;;;;
0;;;;
0;;;;
0;;;;
0;;;;
0;;;;
0;;;;
17.987;;;;
66.682;;;;
117.984;;;;
159.609;;;;
187.041;;;;
203.010;;;;
206.400;;;;
197.841;;;;
173.915;;;;
142.897;;;;
103.366;;;;
51.180;;;;
15.211;;;;
0;;;;
0;;;;
0;;;;
0;;;;
0;;;;
0;;;;
0;;;;
0;;;;
0;;;;
0;;;;
0;;;;
15.698;;;;
61.822;;;;
112.786;;;;
154.980;;;;
183.528;;;;
201.242;;;;
207.114;;;;
193.276;;;;
172.934;;;;
143.408;;;;
104.076;;;;
57.305;;;;
15.137;;;;
0;;;;
0;;;;
0;;;;
0;;;;
0;;;;
0;;;;
0;;;;
0;;;;
0;;;;
0;;;;
0;;;;
15.148;;;;
61.499;;;;
113.137;;;;
155.646;;;;
186.146;;;;
203.083;;;;
207.828;;;;
198.609;;;;
179.868;;;;
131.910;;;;
65.962;;;;
34.796;;;;
8.414;;;;
0;;;;
0;;;;
0;;;;
0;;;;
0;;;;
0;;;;
0;;;;
0;;;;
0;;;;
0;;;;
0;;;;
9.709;;;;
48.426;;;;
97.451;;;;
135.474;;;;
165.480;;;;
191.708;;;;
194.365;;;;
181.783;;;;
128.636;;;;
79.340;;;;
36.506;;;;
18.384;;;;
3.333;;;;
0;;;;
0;;;;
0;;;;
0;;;;
0;;;;
0;;;;
0;;;;
0;;;;
0;;;;
0;;;;
0;;;;
9.341;;;;
40.546;;;;
77.155;;;;
116.106;;;;
139.664;;;;
142.254;;;;
177.802;;;;
165.321;;;;
140.090;;;;
104.150;;;;
67.357;;;;
36.304;;;;
11.341;;;;
0;;;;
0;;;;
0;;;;
0;;;;
0;;;;
0;;;;
0;;;;
0;;;;
0;;;;
0;;;;
0;;;;
14.039;;;;
64.575;;;;
119.641;;;;
165.797;;;;
199.313;;;;
219.067;;;;
225.190;;;;
217.798;;;;
197.970;;;;
165.330;;;;
120.331;;;;
66.839;;;;
16.492;;;;
0;;;;
0;;;;
0;;;;
0;;;;
0;;;;
0;;;;
0;;;;
0;;;;
0;;;;
0;;;;
0;;;;
14.083;;;;
65.990;;;;
120.407;;;;
162.996;;;;
192.867;;;;
209.929;;;;
214.339;;;;
206.291;;;;
186.379;;;;
152.907;;;;
107.325;;;;
53.475;;;;
10.516;;;;
0;;;;
0;;;;
0;;;;
0;;;;
0;;;;
0;;;;
0;;;;
0;;;;
0;;;;
0;;;;
0;;;;
2.939;;;;
16.417;;;;
29.937;;;;
59.659;;;;
138.943;;;;
155.139;;;;
101.587;;;;
62.773;;;;
61.094;;;;
84.412;;;;
108.983;;;;
62.928;;;;
13.019;;;;
0;;;;
0;;;;
0;;;;
0;;;;
0;;;;
0;;;;
0;;;;
0;;;;
0;;;;
0;;;;
0;;;;
12.416;;;;
65.136;;;;
122.526;;;;
169.069;;;;
201.514;;;;
222.360;;;;
230.391;;;;
222.395;;;;
202.131;;;;
168.351;;;;
121.922;;;;
66.281;;;;
14.339;;;;
0;;;;
0;;;;
0;;;;
0;;;;
0;;;;
0;;;;
0;;;;
0;;;;
0;;;;
0;;;;
0;;;;
11.515;;;;
63.334;;;;
119.788;;;;
165.808;;;;
196.848;;;;
209.856;;;;
208.966;;;;
174.997;;;;
134.164;;;;
128.651;;;;
96.158;;;;
48.691;;;;
9.869;;;;
0;;;;
0;;;;
0;;;;
0;;;;
0;;;;
0;;;;
0;;;;
0;;;;
0;;;;
0;;;;
0;;;;
5.170;;;;
39.681;;;;
101.851;;;;
159.222;;;;
196.592;;;;
216.777;;;;
220.020;;;;
209.694;;;;
186.335;;;;
150.408;;;;
87.730;;;;
37.100;;;;
4.965;;;;
0;;;;
0;;;;
0;;;;
0;;;;
0;;;;
0;;;;
0;;;;
0;;;;
0;;;;
0;;;;
0;;;;
6.209;;;;
53.345;;;;
109.720;;;;
160.818;;;;
192.839;;;;
212.909;;;;
219.892;;;;
202.327;;;;
177.687;;;;
134.562;;;;
100.177;;;;
46.029;;;;
7.583;;;;
0;;;;
0;;;;
0;;;;
0;;;;
0;;;;
0;;;;
0;;;;
0;;;;
0;;;;
0;;;;
0;;;;
9.355;;;;
62.580;;;;
120.613;;;;
168.075;;;;
202.047;;;;
223.386;;;;
227.307;;;;
220.999;;;;
201.476;;;;
161.688;;;;
98.517;;;;
36.043;;;;
3.110;;;;
0;;;;
0;;;;
0;;;;
0;;;;
0;;;;
0;;;;
0;;;;
0;;;;
0;;;;
0;;;;
0;;;;
0;;;;
11.243;;;;
38.560;;;;
93.369;;;;
120.151;;;;
144.373;;;;
164.394;;;;
177.317;;;;
162.206;;;;
120.992;;;;
78.564;;;;
26.636;;;;
2.669;;;;
0;;;;
0;;;;
0;;;;
0;;;;
0;;;;
0;;;;
0;;;;
0;;;;
0;;;;
0;;;;
0;;;;
0;;;;
12.994;;;;
31.751;;;;
53.543;;;;
73.145;;;;
80.872;;;;
80.723;;;;
60.667;;;;
61.459;;;;
57.412;;;;
42.969;;;;
18.917;;;;
2.336;;;;
0;;;;
0;;;;
0;;;;
0;;;;
0;;;;
0;;;;
0;;;;
0;;;;
0;;;;
0;;;;
0;;;;
3.337;;;;
33.344;;;;
80.163;;;;
138.008;;;;
183.314;;;;
198.718;;;;
202.834;;;;
191.723;;;;
173.913;;;;
143.720;;;;
95.175;;;;
41.746;;;;
4.871;;;;
0;;;;
0;;;;
0;;;;
0;;;;
0;;;;
0;;;;
0;;;;
0;;;;
0;;;;
0;;;;
0;;;;
4.355;;;;
45.115;;;;
100.554;;;;
155.501;;;;
190.060;;;;
213.854;;;;
222.904;;;;
214.754;;;;
193.644;;;;
158.568;;;;
110.262;;;;
54.010;;;;
6.100;;;;
0;;;;
0;;;;
0;;;;
0;;;;
0;;;;
0;;;;
0;;;;
0;;;;
0;;;;
0;;;;
0;;;;
4.483;;;;
51.019;;;;
107.184;;;;
129.555;;;;
154.649;;;;
186.172;;;;
197.908;;;;
149.635;;;;
100.921;;;;
43.720;;;;
26.772;;;;
11.787;;;;
0;;;;
0;;;;
0;;;;
0;;;;
0;;;;
0;;;;
0;;;;
0;;;;
0;;;;
0;;;;
0;;;;
0;;;;
1.437;;;;
26.920;;;;
62.827;;;;
100.430;;;;
159.208;;;;
171.035;;;;
180.606;;;;
192.606;;;;
172.436;;;;
141.737;;;;
102.334;;;;
49.341;;;;
4.687;;;;
0;;;;
0;;;;
0;;;;
0;;;;
0;;;;
0;;;;
0;;;;
0;;;;
0;;;;
0;;;;
0;;;;
690;;;;
25.440;;;;
64.426;;;;
108.673;;;;
153.597;;;;
155.517;;;;
132.439;;;;
109.780;;;;
96.946;;;;
79.742;;;;
49.293;;;;
23.433;;;;
1.029;;;;
0;;;;
0;;;;
0;;;;
0;;;;
0;;;;
0;;;;
0;;;;
0;;;;
0;;;;
0;;;;
0;;;;
2.852;;;;
51.374;;;;
111.109;;;;
160.026;;;;
195.272;;;;
214.751;;;;
222.070;;;;
214.624;;;;
192.343;;;;
152.460;;;;
108.404;;;;
52.117;;;;
3.503;;;;
0;;;;
0;;;;
0;;;;
0;;;;
0;;;;
0;;;;
0;;;;
0;;;;
0;;;;
0;;;;
0;;;;
2.301;;;;
49.969;;;;
109.628;;;;
158.364;;;;
192.999;;;;
213.213;;;;
218.250;;;;
205.615;;;;
172.793;;;;
137.945;;;;
99.075;;;;
47.672;;;;
2.717;;;;
0;;;;
0;;;;
0;;;;
0;;;;
0;;;;
0;;;;
0;;;;
0;;;;
0;;;;
0;;;;
0;;;;
0;;;;
13.250;;;;
48.109;;;;
76.703;;;;
96.481;;;;
108.632;;;;
108.898;;;;
91.252;;;;
69.901;;;;
45.659;;;;
27.928;;;;
13.087;;;;
0;;;;
0;;;;
0;;;;
0;;;;
0;;;;
0;;;;
0;;;;
0;;;;
0;;;;
0;;;;
0;;;;
0;;;;
723;;;;
41.437;;;;
104.691;;;;
154.328;;;;
185.243;;;;
192.959;;;;
191.330;;;;
175.088;;;;
141.891;;;;
104.325;;;;
69.399;;;;
30.770;;;;
698;;;;
0;;;;
0;;;;
0;;;;
0;;;;
0;;;;
0;;;;
0;;;;
0;;;;
0;;;;
0;;;;
0;;;;
0;;;;
25.132;;;;
76.899;;;;
138.884;;;;
182.010;;;;
210.503;;;;
221.980;;;;
214.592;;;;
191.884;;;;
154.073;;;;
103.322;;;;
44.203;;;;
699;;;;
0;;;;
0;;;;
0;;;;
0;;;;
0;;;;
0;;;;
0;;;;
0;;;;
0;;;;
0;;;;
0;;;;
279;;;;
45.218;;;;
106.002;;;;
157.126;;;;
195.147;;;;
217.543;;;;
224.449;;;;
216.411;;;;
193.631;;;;
156.407;;;;
105.488;;;;
46.166;;;;
719;;;;
0;;;;
0;;;;
0;;;;
0;;;;
0;;;;
0;;;;
0;;;;
0;;;;
0;;;;
0;;;;
0;;;;
0;;;;
39.626;;;;
97.412;;;;
146.429;;;;
180.909;;;;
201.359;;;;
210.236;;;;
206.524;;;;
187.382;;;;
151.775;;;;
102.125;;;;
43.885;;;;
252;;;;
0;;;;
0;;;;
0;;;;
0;;;;
0;;;;
0;;;;
0;;;;
0;;;;
0;;;;
0;;;;
0;;;;
0;;;;
41.505;;;;
102.488;;;;
152.868;;;;
188.915;;;;
209.551;;;;
215.617;;;;
207.525;;;;
185.607;;;;
149.668;;;;
100.411;;;;
42.583;;;;
0;;;;
0;;;;
0;;;;
0;;;;
0;;;;
0;;;;
0;;;;
0;;;;
0;;;;
0;;;;
0;;;;
0;;;;
0;;;;
33.242;;;;
82.683;;;;
124.420;;;;
137.804;;;;
120.430;;;;
100.730;;;;
88.174;;;;
72.589;;;;
50.125;;;;
29.052;;;;
11.095;;;;
0;;;;
0;;;;
0;;;;
0;;;;
0;;;;
0;;;;
0;;;;
0;;;;
0;;;;
0;;;;
0;;;;
0;;;;
0;;;;
3.298;;;;
14.957;;;;
38.192;;;;
71.629;;;;
113.128;;;;
163.092;;;;
181.239;;;;
168.060;;;;
133.177;;;;
84.863;;;;
20.847;;;;
0;;;;
0;;;;
0;;;;
0;;;;
0;;;;
0;;;;
0;;;;
0;;;;
0;;;;
0;;;;
0;;;;
0;;;;
0;;;;
14.312;;;;
38.482;;;;
67.863;;;;
98.303;;;;
102.594;;;;
89.947;;;;
71.712;;;;
37.665;;;;
22.834;;;;
18.237;;;;
8.498;;;;
0;;;;
0;;;;
0;;;;
0;;;;
0;;;;
0;;;;
0;;;;
0;;;;
0;;;;
0;;;;
0;;;;
0;;;;
0;;;;
20.680;;;;
58.582;;;;
99.686;;;;
116.833;;;;
118.645;;;;
130.555;;;;
127.545;;;;
120.980;;;;
100.856;;;;
53.359;;;;
12.928;;;;
0;;;;
0;;;;
0;;;;
0;;;;
0;;;;
0;;;;
0;;;;
0;;;;
0;;;;
0;;;;
0;;;;
0;;;;
0;;;;
8.660;;;;
36.634;;;;
68.325;;;;
75.314;;;;
88.249;;;;
82.885;;;;
53.588;;;;
36.544;;;;
38.649;;;;
37.215;;;;
13.639;;;;
0;;;;
0;;;;
0;;;;
0;;;;
0;;;;
0;;;;
0;;;;
0;;;;
0;;;;
0;;;;
0;;;;
0;;;;
0;;;;
18.303;;;;
78.661;;;;
138.901;;;;
176.877;;;;
199.628;;;;
203.413;;;;
193.548;;;;
170.820;;;;
133.876;;;;
84.289;;;;
27.504;;;;
0;;;;
0;;;;
0;;;;
0;;;;
0;;;;
0;;;;
0;;;;
0;;;;
0;;;;
0;;;;
0;;;;
0;;;;
0;;;;
13.614;;;;
44.810;;;;
94.888;;;;
159.859;;;;
178.289;;;;
186.549;;;;
156.180;;;;
94.747;;;;
59.586;;;;
34.524;;;;
15.378;;;;
0;;;;
0;;;;
0;;;;
0;;;;
0;;;;
0;;;;
0;;;;
0;;;;
0;;;;
0;;;;
0;;;;
0;;;;
0;;;;
5.417;;;;
18.155;;;;
44.344;;;;
111.180;;;;
90.683;;;;
75.631;;;;
85.921;;;;
114.294;;;;
103.783;;;;
49.870;;;;
13.233;;;;
0;;;;
0;;;;
0;;;;
0;;;;
0;;;;
0;;;;
0;;;;
0;;;;
0;;;;
0;;;;
0;;;;
0;;;;
0;;;;
9.153;;;;
40.407;;;;
92.254;;;;
156.747;;;;
184.139;;;;
194.825;;;;
188.116;;;;
166.533;;;;
130.374;;;;
78.295;;;;
19.508;;;;
0;;;;
0;;;;
0;;;;
0;;;;
0;;;;
0;;;;
0;;;;
0;;;;
0;;;;
0;;;;
0;;;;
0;;;;
0;;;;
8.946;;;;
26.745;;;;
28.973;;;;
24.721;;;;
62.753;;;;
142.694;;;;
120.220;;;;
69.173;;;;
35.125;;;;
11.703;;;;
1.656;;;;
0;;;;
0;;;;
0;;;;
0;;;;
0;;;;
0;;;;
0;;;;
0;;;;
0;;;;
0;;;;
0;;;;
0;;;;
0;;;;
8.460;;;;
75.343;;;;
137.289;;;;
169.998;;;;
185.090;;;;
182.695;;;;
167.416;;;;
132.341;;;;
76.324;;;;
49.882;;;;
15.724;;;;
0;;;;
0;;;;
0;;;;
0;;;;
0;;;;
0;;;;
0;;;;
0;;;;
0;;;;
0;;;;
0;;;;
0;;;;
0;;;;
5.004;;;;
37.812;;;;
79.243;;;;
130.293;;;;
173.837;;;;
153.901;;;;
79.812;;;;
39.950;;;;
35.551;;;;
24.715;;;;
5.218;;;;
0;;;;
0;;;;
0;;;;
0;;;;
0;;;;
0;;;;
0;;;;
0;;;;
0;;;;
0;;;;
0;;;;
0;;;;
0;;;;
0;;;;
5.563;;;;
9.097;;;;
12.527;;;;
16.625;;;;
31.880;;;;
61.084;;;;
82.968;;;;
69.864;;;;
33.977;;;;
4.787;;;;
0;;;;
0;;;;
0;;;;
0;;;;
0;;;;
0;;;;
0;;;;
0;;;;
0;;;;
0;;;;
0;;;;
0;;;;
0;;;;
3.884;;;;
30.254;;;;
90.673;;;;
153.634;;;;
182.338;;;;
196.282;;;;
195.430;;;;
171.794;;;;
127.605;;;;
68.800;;;;
14.458;;;;
0;;;;
0;;;;
0;;;;
0;;;;
0;;;;
0;;;;
0;;;;
0;;;;
0;;;;
0;;;;
0;;;;
0;;;;
0;;;;
2.065;;;;
10.541;;;;
17.219;;;;
23.636;;;;
33.672;;;;
40.106;;;;
48.722;;;;
47.369;;;;
33.676;;;;
11.194;;;;
0;;;;
0;;;;
0;;;;
0;;;;
0;;;;
0;;;;
0;;;;
0;;;;
0;;;;
0;;;;
0;;;;
0;;;;
0;;;;
0;;;;
3.924;;;;
29.914;;;;
69.152;;;;
106.129;;;;
124.264;;;;
110.012;;;;
87.942;;;;
66.264;;;;
39.058;;;;
16.365;;;;
1.793;;;;
0;;;;
0;;;;
0;;;;
0;;;;
0;;;;
0;;;;
0;;;;
0;;;;
0;;;;
0;;;;
0;;;;
0;;;;
0;;;;
243;;;;
12.918;;;;
24.810;;;;
31.981;;;;
43.469;;;;
56.057;;;;
66.653;;;;
47.989;;;;
51.101;;;;
33.709;;;;
7.173;;;;
0;;;;
0;;;;
0;;;;
0;;;;
0;;;;
0;;;;
0;;;;
0;;;;
0;;;;
0;;;;
0;;;;
0;;;;
0;;;;
3.551;;;;
24.655;;;;
40.269;;;;
65.823;;;;
86.005;;;;
94.527;;;;
80.903;;;;
44.075;;;;
32.004;;;;
16.889;;;;
336;;;;
0;;;;
0;;;;
0;;;;
0;;;;
0;;;;
0;;;;
0;;;;
0;;;;
0;;;;
0;;;;
0;;;;
0;;;;
0;;;;
2.265;;;;
33.378;;;;
85.499;;;;
153.465;;;;
183.364;;;;
192.107;;;;
182.653;;;;
155.443;;;;
114.776;;;;
52.177;;;;
6.634;;;;
0;;;;
0;;;;
0;;;;
0;;;;
0;;;;
0;;;;
0;;;;
0;;;;
0;;;;
0;;;;
0;;;;
0;;;;
0;;;;
0;;;;
9.176;;;;
28.030;;;;
45.878;;;;
84.426;;;;
99.328;;;;
102.686;;;;
84.064;;;;
60.994;;;;
28.321;;;;
3.184;;;;
0;;;;
0;;;;
0;;;;
0;;;;
0;;;;
0;;;;
0;;;;
0;;;;
0;;;;
0;;;;
0;;;;
0;;;;
0;;;;
9.191;;;;
62.460;;;;
113.378;;;;
149.078;;;;
172.691;;;;
171.382;;;;
140.993;;;;
100.675;;;;
59.027;;;;
18.107;;;;
0;;;;
0;;;;
0;;;;
0;;;;
0;;;;
0;;;;
0;;;;
0;;;;
0;;;;
0;;;;
0;;;;
0;;;;
0;;;;
0;;;;
4.020;;;;
19.585;;;;
59.720;;;;
114.874;;;;
126.996;;;;
134.568;;;;
135.059;;;;
111.705;;;;
96.913;;;;
54.467;;;;
4.968;;;;
0;;;;
0;;;;
0;;;;
0;;;;
0;;;;
0;;;;
0;;;;
0;;;;
0;;;;
0;;;;
0;;;;
0;;;;
0;;;;
1.860;;;;
30.425;;;;
79.277;;;;
126.583;;;;
154.785;;;;
164.384;;;;
157.676;;;;
130.427;;;;
96.195;;;;
49.240;;;;
4.974;;;;
0;;;;
0;;;;
0;;;;
0;;;;
0;;;;
0;;;;
0;;;;
0;;;;
0;;;;
0;;;;
0;;;;
0;;;;
0;;;;
0;;;;
12.528;;;;
34.743;;;;
64.948;;;;
89.296;;;;
74.045;;;;
37.863;;;;
22.469;;;;
9.295;;;;
2.013;;;;
0;;;;
0;;;;
0;;;;
0;;;;
0;;;;
0;;;;
0;;;;
0;;;;
0;;;;
0;;;;
0;;;;
0;;;;
0;;;;
0;;;;
3.346;;;;
47.496;;;;
103.059;;;;
140.365;;;;
157.342;;;;
98.488;;;;
47.939;;;;
32.766;;;;
25.838;;;;
12.274;;;;
0;;;;
0;;;;
0;;;;
0;;;;
0;;;;
0;;;;
0;;;;
0;;;;
0;;;;
0;;;;
0;;;;
0;;;;
0;;;;
0;;;;
0;;;;
28.093;;;;
81.356;;;;
134.853;;;;
162.919;;;;
147.954;;;;
80.453;;;;
40.680;;;;
12.584;;;;
2.852;;;;
0;;;;
0;;;;
0;;;;
0;;;;
0;;;;
0;;;;
0;;;;
0;;;;
0;;;;
0;;;;
0;;;;
0;;;;
0;;;;
0;;;;
0;;;;
13.852;;;;
36.073;;;;
51.930;;;;
133.094;;;;
155.172;;;;
146.831;;;;
130.538;;;;
94.347;;;;
48.367;;;;
3.522;;;;
0;;;;
0;;;;
0;;;;
0;;;;
0;;;;
0;;;;
0;;;;
0;;;;
0;;;;
0;;;;
0;;;;
0;;;;
0;;;;
0;;;;
14.756;;;;
41.091;;;;
70.734;;;;
89.556;;;;
69.421;;;;
53.756;;;;
37.827;;;;
34.518;;;;
20.124;;;;
0;;;;
0;;;;
0;;;;
0;;;;
0;;;;
0;;;;
0;;;;
0;;;;
0;;;;
0;;;;
0;;;;
0;;;;
0;;;;
0;;;;
0;;;;
21.200;;;;
43.842;;;;
49.209;;;;
58.936;;;;
45.665;;;;
26.065;;;;
18.502;;;;
6.167;;;;
428;;;;
0;;;;
0;;;;
0;;;;
0;;;;
0;;;;
0;;;;
0;;;;
0;;;;
0;;;;
0;;;;
0;;;;
0;;;;
0;;;;
0;;;;
374;;;;
42.623;;;;
101.075;;;;
145.108;;;;
165.784;;;;
169.522;;;;
72.387;;;;
91.320;;;;
69.776;;;;
20.883;;;;
0;;;;
0;;;;
0;;;;
0;;;;
0;;;;
0;;;;
0;;;;
0;;;;
0;;;;
0;;;;
0;;;;
0;;;;
0;;;;
0;;;;
0;;;;
23.691;;;;
49.365;;;;
56.495;;;;
77.698;;;;
153.859;;;;
163.518;;;;
139.629;;;;
99.833;;;;
46.850;;;;
533;;;;
0;;;;
0;;;;
0;;;;
0;;;;
0;;;;
0;;;;
0;;;;
0;;;;
0;;;;
0;;;;
0;;;;
0;;;;
0;;;;
0;;;;
22.401;;;;
66.611;;;;
112.014;;;;
138.082;;;;
159.258;;;;
154.857;;;;
123.462;;;;
83.458;;;;
38.480;;;;
0;;;;
0;;;;
0;;;;
0;;;;
0;;;;
0;;;;
0;;;;
0;;;;
0;;;;
0;;;;
0;;;;
0;;;;
0;;;;
0;;;;
0;;;;
22.188;;;;
68.028;;;;
119.750;;;;
140.127;;;;
145.241;;;;
136.242;;;;
70.800;;;;
20.302;;;;
10.317;;;;
0;;;;
0;;;;
0;;;;
0;;;;
0;;;;
0;;;;
0;;;;
0;;;;
0;;;;
0;;;;
0;;;;
0;;;;
0;;;;
0;;;;
0;;;;
33.422;;;;
85.925;;;;
99.300;;;;
137.659;;;;
170.385;;;;
160.343;;;;
132.869;;;;
94.337;;;;
40.647;;;;
0;;;;
0;;;;
0;;;;
0;;;;
0;;;;
0;;;;
0;;;;
0;;;;
0;;;;
0;;;;
0;;;;
0;;;;
0;;;;
0;;;;
0;;;;
34.331;;;;
85.621;;;;
126.276;;;;
161.631;;;;
173.155;;;;
145.283;;;;
93.667;;;;
66.231;;;;
40.331;;;;
0;;;;
0;;;;
0;;;;
0;;;;
0;;;;
0;;;;
0;;;;
0;;;;
0;;;;
0;;;;
0;;;;
0;;;;
0;;;;
0;;;;
0;;;;
5.571;;;;
25.013;;;;
43.298;;;;
52.534;;;;
41.223;;;;
27.823;;;;
37.356;;;;
64.066;;;;
32.744;;;;
0;;;;
0;;;;
0;;;;
0;;;;
0;;;;
0;;;;
0;;;;
0;;;;
0;;;;
0;;;;
0;;;;
0;;;;
0;;;;
0;;;;
0;;;;
8.545;;;;
34.481;;;;
81.082;;;;
143.788;;;;
162.045;;;;
148.161;;;;
119.740;;;;
75.916;;;;
33.176;;;;
0;;;;
0;;;;
0;;;;
0;;;;
0;;;;
0;;;;
0;;;;
0;;;;
0;;;;
0;;;;
0;;;;
0;;;;
0;;;;
0;;;;
0;;;;
15.182;;;;
54.660;;;;
110.368;;;;
163.308;;;;
173.604;;;;
166.245;;;;
140.944;;;;
98.111;;;;
40.413;;;;
0;;;;
0;;;;
0;;;;
0;;;;
0;;;;
0;;;;
0;;;;
0;;;;
0;;;;
0;;;;
0;;;;
0;;;;
0;;;;
0;;;;
0;;;;
10.737;;;;
37.773;;;;
64.820;;;;
82.617;;;;
97.528;;;;
92.112;;;;
67.100;;;;
45.471;;;;
25.227;;;;
0;;;;
0;;;;
0;;;;
0;;;;
0;;;;
0;;;;
0;;;;
0;;;;
0;;;;
0;;;;
0;;;;
0;;;;
0;;;;
0;;;;
0;;;;
29.872;;;;
99.892;;;;
146.253;;;;
172.715;;;;
182.006;;;;
173.347;;;;
145.899;;;;
98.079;;;;
41.820;;;;
0;;;;
0;;;;
0;;;;
0;;;;
0;;;;
0;;;;
0;;;;
0;;;;
0;;;;
0;;;;
0;;;;
0;;;;
0;;;;
0;;;;
0;;;;
1.534;;;;
6.496;;;;
9.087;;;;
11.797;;;;
13.534;;;;
13.893;;;;
12.323;;;;
8.146;;;;
2.385;;;;
0;;;;
0;;;;
0;;;;
0;;;;
0;;;;
0;;;;
0;;;;
0;;;;
0;;;;
0;;;;
0;;;;
0;;;;
0;;;;
0;;;;
0;;;;
9.382;;;;
33.863;;;;
69.082;;;;
104.931;;;;
91.659;;;;
72.915;;;;
93.132;;;;
71.807;;;;
19.278;;;;
0;;;;
0;;;;
0;;;;
0;;;;
0;;;;
0;;;;
0;;;;
0;;;;
0;;;;
0;;;;
0;;;;
0;;;;
0;;;;
0;;;;
0;;;;
10.307;;;;
48.784;;;;
84.428;;;;
108.188;;;;
107.897;;;;
84.533;;;;
44.797;;;;
8.634;;;;
844;;;;
0;;;;
0;;;;
0;;;;
0;;;;
0;;;;
0;;;;
0;;;;
0;;;;
0;;;;
0;;;;
0;;;;
0;;;;
0;;;;
0;;;;
0;;;;
13.516;;;;
56.597;;;;
95.126;;;;
111.555;;;;
61.733;;;;
41.559;;;;
36.317;;;;
31.683;;;;
17.256;;;;
0;;;;
0;;;;
0;;;;
0;;;;
0;;;;
0;;;;
0;;;;
0;;;;
0;;;;
0;;;;
0;;;;
0;;;;
0;;;;
0;;;;
0;;;;
8.730;;;;
40.128;;;;
60.346;;;;
65.648;;;;
73.337;;;;
79.784;;;;
69.143;;;;
43.154;;;;
6.431;;;;
0;;;;
0;;;;
0;;;;
0;;;;
0;;;;
0;;;;
0;;;;
0;;;;
0;;;;
0;;;;
0;;;;
0;;;;
0;;;;
0;;;;
0;;;;
0;;;;
13.149;;;;
36.620;;;;
65.298;;;;
81.538;;;;
75.870;;;;
50.684;;;;
24.747;;;;
6.789;;;;
0;;;;
0;;;;
0;;;;
0;;;;
0;;;;
0;;;;
0;;;;
0;;;;
0;;;;
0;;;;
0;;;;
0;;;;
0;;;;
0;;;;
0;;;;
3.223;;;;
23.198;;;;
61.850;;;;
66.181;;;;
62.980;;;;
45.376;;;;
18.564;;;;
19.787;;;;
13.991;;;;
0;;;;
0;;;;
0;;;;
0;;;;
0;;;;
0;;;;
0;;;;
0;;;;
0;;;;
0;;;;
0;;;;
0;;;;
0;;;;
0;;;;
0;;;;
17.444;;;;
72.842;;;;
118.566;;;;
145.310;;;;
142.689;;;;
113.791;;;;
74.522;;;;
34.825;;;;
6.917;;;;
0;;;;
0;;;;
0;;;;
0;;;;
0;;;;
0;;;;
0;;;;
0;;;;
0;;;;
0;;;;
0;;;;
0;;;;
0;;;;
0;;;;
0;;;;
0;;;;
7.168;;;;
25.462;;;;
36.743;;;;
48.867;;;;
65.356;;;;
72.945;;;;
42.414;;;;
9.508;;;;
0;;;;
0;;;;
0;;;;
0;;;;
0;;;;
0;;;;
0;;;;
0;;;;
0;;;;
0;;;;
0;;;;
0;;;;
0;;;;
0;;;;
0;;;;
2.799;;;;
31.001;;;;
100.487;;;;
138.062;;;;
154.979;;;;
150.520;;;;
124.524;;;;
80.729;;;;
24.395;;;;
0;;;;
0;;;;
0;;;;
0;;;;
0;;;;
0;;;;
0;;;;
0;;;;
0;;;;
0;;;;
0;;;;
0;;;;
0;;;;
0;;;;
0;;;;
1.527;;;;
18.467;;;;
40.761;;;;
52.569;;;;
56.567;;;;
41.012;;;;
29.469;;;;
14.998;;;;
824;;;;
0;;;;
0;;;;
0;;;;
0;;;;
0;;;;
0;;;;
0;;;;
0;;;;
0;;;;
0;;;;
0;;;;
0;;;;
0;;;;
0;;;;
0;;;;
3.161;;;;
15.100;;;;
19.772;;;;
44.943;;;;
53.079;;;;
40.544;;;;
25.373;;;;
13.882;;;;
1.493;;;;
0;;;;
0;;;;
0;;;;
0;;;;
0;;;;
0;;;;
0;;;;
0;;;;
0;;;;
0;;;;
0;;;;
0;;;;
0;;;;
0;;;;
0;;;;
0;;;;
10.048;;;;
13.873;;;;
14.594;;;;
19.450;;;;
25.890;;;;
35.978;;;;
21.758;;;;
1.561;;;;
0;;;;
0;;;;
0;;;;
0;;;;
0;;;;
0;;;;
0;;;;
0;;;;
0;;;;
0;;;;
0;;;;
0;;;;
0;;;;
0;;;;
0;;;;
2.961;;;;
32.297;;;;
68.736;;;;
107.826;;;;
128.631;;;;
114.418;;;;
80.506;;;;
38.806;;;;
3.278;;;;
0;;;;
0;;;;
0;;;;
0;;;;
0;;;;
0;;;;
0;;;;
0;;;;
0;;;;
0;;;;
0;;;;
0;;;;
0;;;;
0;;;;
0;;;;
0;;;;
10.594;;;;
10.304;;;;
13.554;;;;
15.998;;;;
19.950;;;;
18.760;;;;
11.253;;;;
1.697;;;;
0;;;;
0;;;;
0;;;;
0;;;;
0;;;;
0;;;;
0;;;;
0;;;;
0;;;;
0;;;;
0;;;;
0;;;;
0;;;;
0;;;;
0;;;;
648;;;;
28.407;;;;
86.063;;;;
132.439;;;;
150.429;;;;
144.946;;;;
118.577;;;;
73.831;;;;
14.295;;;;
0;;;;
0;;;;
0;;;;
0;;;;
0;;;;
0;;;;
0;;;;
0;;;;
0;;;;
0;;;;
0;;;;
0;;;;
0;;;;
0;;;;
0;;;;
641;;;;
19.732;;;;
34.028;;;;
39.895;;;;
33.582;;;;
40.213;;;;
26.403;;;;
11.884;;;;
0;;;;
0;;;;
0;;;;
0;;;;
0;;;;
0;;;;
0;;;;
0;;;;
0;;;;
0;;;;
0;;;;
0;;;;
0;;;;
0;;;;
0;;;;
0;;;;
0;;;;
0;;;;
2.531;;;;
6.060;;;;
10.188;;;;
9.629;;;;
6.705;;;;
1.201;;;;
0;;;;
0;;;;
0;;;;
0;;;;
0;;;;
0;;;;
0;;;;
0;;;;
0;;;;
0;;;;
0;;;;
0;;;;
0;;;;
0;;;;
0;;;;
0;;;;
171;;;;
23.311;;;;
51.312;;;;
66.573;;;;
69.261;;;;
54.144;;;;
35.640;;;;
15.477;;;;
31;;;;
0;;;;
0;;;;
0;;;;
0;;;;
0;;;;
0;;;;
0;;;;
0;;;;
0;;;;
0;;;;
0;;;;
0;;;;
0;;;;
0;;;;
0;;;;
814;;;;
26.959;;;;
60.727;;;;
80.190;;;;
86.785;;;;
83.275;;;;
69.054;;;;
30.673;;;;
2.118;;;;
0;;;;
0;;;;
0;;;;
0;;;;
0;;;;
0;;;;
0;;;;
0;;;;
0;;;;
0;;;;
0;;;;
0;;;;
0;;;;
0;;;;
0;;;;
0;;;;
10.828;;;;
22.528;;;;
29.266;;;;
32.638;;;;
31.859;;;;
25.502;;;;
10.673;;;;
0;;;;
0;;;;
0;;;;
0;;;;
0;;;;
0;;;;
0;;;;
0;;;;
0;;;;
0;;;;
0;;;;
0;;;;
0;;;;
0;;;;
0;;;;
0;;;;
891;;;;
30.720;;;;
78.445;;;;
107.501;;;;
107.638;;;;
97.680;;;;
69.258;;;;
23.923;;;;
0;;;;
0;;;;
0;;;;
0;;;;
0;;;;
0;;;;
0;;;;
0;;;;
0;;;;
0;;;;
0;;;;
0;;;;
0;;;;
0;;;;
0;;;;
0;;;;
0;;;;
21.143;;;;
56.570;;;;
92.318;;;;
89.607;;;;
83.013;;;;
87.478;;;;
49.274;;;;
2.898;;;;
0;;;;
0;;;;
0;;;;
0;;;;
0;;;;
0;;;;
0;;;;
0;;;;
0;;;;
0;;;;
0;;;;
0;;;;
0;;;;
0;;;;
0;;;;
0;;;;
20.482;;;;
66.049;;;;
112.281;;;;
124.147;;;;
95.781;;;;
55.959;;;;
37.564;;;;
1.569;;;;
0;;;;
0;;;;
0;;;;
0;;;;
0;;;;
0;;;;
0;;;;
0;;;;
0;;;;
0;;;;
0;;;;
0;;;;
0;;;;
0;;;;
0;;;;
0;;;;
5.694;;;;
15.411;;;;
18.565;;;;
17.436;;;;
15.987;;;;
12.375;;;;
5.135;;;;
0;;;;
0;;;;
0;;;;
0;;;;
0;;;;
0;;;;
0;;;;
0;;;;
0;;;;
0;;;;
0;;;;
0;;;;
0;;;;
0;;;;
0;;;;
0;;;;
0;;;;
2.074;;;;
15.535;;;;
31.421;;;;
43.229;;;;
52.181;;;;
32.306;;;;
13.693;;;;
0;;;;
0;;;;
0;;;;
0;;;;
0;;;;
0;;;;
0;;;;
0;;;;
0;;;;
0;;;;
0;;;;
0;;;;
0;;;;
0;;;;
0;;;;
0;;;;
0;;;;
762;;;;
16.675;;;;
54.676;;;;
62.735;;;;
68.063;;;;
61.690;;;;
17.049;;;;
0;;;;
0;;;;
0;;;;
0;;;;
0;;;;
0;;;;
0;;;;
0;;;;
0;;;;
0;;;;
0;;;;
0;;;;
0;;;;
0;;;;
0;;;;
0;;;;
0;;;;
6.423;;;;
16.630;;;;
20.582;;;;
18.997;;;;
12.555;;;;
8.462;;;;
1.876;;;;
0;;;;
0;;;;
0;;;;
0;;;;
0;;;;
0;;;;
0;;;;
0;;;;
0;;;;
0;;;;
0;;;;
0;;;;
0;;;;
0;;;;
0;;;;
0;;;;
0;;;;
13.611;;;;
76.322;;;;
111.318;;;;
114.487;;;;
100.266;;;;
73.384;;;;
35.935;;;;
89;;;;
0;;;;
0;;;;
0;;;;
0;;;;
0;;;;
0;;;;
0;;;;
0;;;;
0;;;;
0;;;;
0;;;;
0;;;;
0;;;;
0;;;;
0;;;;
0;;;;
8.069;;;;
25.725;;;;
49.496;;;;
75.587;;;;
97.497;;;;
73.188;;;;
34.417;;;;
181;;;;
0;;;;
0;;;;
0;;;;
0;;;;
0;;;;
0;;;;
0;;;;
0;;;;
0;;;;
0;;;;
0;;;;
0;;;;
0;;;;
0;;;;
0;;;;
0;;;;
3.776;;;;
12.040;;;;
20.703;;;;
23.170;;;;
16.178;;;;
8.474;;;;
2.008;;;;
0;;;;
0;;;;
0;;;;
0;;;;
0;;;;
0;;;;
0;;;;
0;;;;
0;;;;
0;;;;
0;;;;
0;;;;
0;;;;
0;;;;
0;;;;
0;;;;
0;;;;
1.699;;;;
9.349;;;;
15.313;;;;
15.575;;;;
12.710;;;;
9.218;;;;
2.449;;;;
0;;;;
0;;;;
0;;;;
0;;;;
0;;;;
0;;;;
0;;;;
0;;;;
0;;;;
0;;;;
0;;;;
0;;;;
0;;;;
0;;;;
0;;;;
0;;;;
0;;;;
1.224;;;;
8.821;;;;
22.654;;;;
30.056;;;;
36.117;;;;
32.061;;;;
17.051;;;;
0;;;;
0;;;;
0;;;;
0;;;;
0;;;;
0;;;;
0;;;;
0;;;;
0;;;;
0;;;;
0;;;;
0;;;;
0;;;;
0;;;;
0;;;;
0;;;;
0;;;;
15.540;;;;
71.387;;;;
118.261;;;;
130.062;;;;
122.007;;;;
94.780;;;;
49.529;;;;
338;;;;
0;;;;
0;;;;
0;;;;
0;;;;
0;;;;
0;;;;
0;;;;
0;;;;
0;;;;
0;;;;
0;;;;
0;;;;
0;;;;
0;;;;
0;;;;
0;;;;
40.898;;;;
92.286;;;;
125.764;;;;
136.899;;;;
127.108;;;;
97.035;;;;
50.655;;;;
587;;;;
0;;;;
0;;;;
0;;;;
0;;;;
0;;;;
0;;;;
0;;;;
0;;;;
0;;;;
0;;;;
0;;;;
0;;;;
0;;;;
0;;;;
0;;;;
0;;;;
0;;;;
4.008;;;;
7.664;;;;
9.069;;;;
7.457;;;;
4.198;;;;
0;;;;
0;;;;
0;;;;
0;;;;
0;;;;
0;;;;
0;;;;
0;;;;
0;;;;
0;;;;
0;;;;
0;;;;
0;;;;
0;;;;
0;;;;
0;;;;
0;;;;
0;;;;
5.752;;;;
24.082;;;;
34.133;;;;
43.225;;;;
60.953;;;;
57.538;;;;
18.713;;;;
0;;;;
0;;;;
0;;;;
0;;;;
0;;;;
0;;;;
0;;;;
0;;;;
0;;;;
0;;;;
0;;;;
0;;;;
0;;;;
0;;;;
0;;;;
0;;;;
0;;;;
0;;;;
2.315;;;;
3.674;;;;
3.019;;;;
2.773;;;;
7.164;;;;
8.363;;;;
0;;;;
0;;;;
0;;;;
0;;;;
0;;;;
0;;;;
0;;;;
0;;;;
0;;;;
0;;;;
0;;;;
0;;;;
0;;;;
0;;;;
0;;;;
0;;;;
0;;;;
0;;;;
5.748;;;;
13.539;;;;
17.736;;;;
16.516;;;;
13.666;;;;
3.738;;;;
0;;;;
0;;;;
0;;;;
0;;;;
0;;;;
0;;;;
0;;;;
0;;;;
0;;;;
0;;;;
0;;;;
0;;;;
0;;;;
0;;;;
0;;;;
0;;;;
0;;;;
7.281;;;;
33.397;;;;
59.781;;;;
73.895;;;;
46.869;;;;
27.682;;;;
14.287;;;;
0;;;;
0;;;;
0;;;;
0;;;;
0;;;;
0;;;;
0;;;;
0;;;;
0;;;;
0;;;;
0;;;;
0;;;;
0;;;;
0;;;;
0;;;;
0;;;;
0;;;;
0;;;;
2.231;;;;
7.100;;;;
10.639;;;;
8.074;;;;
3.949;;;;
172;;;;
0;;;;
0;;;;
0;;;;
0;;;;
0;;;;
0;;;;
0;;;;
0;;;;
0;;;;
0;;;;
0;;;;
0;;;;
0;;;;
0;;;;
0;;;;
0;;;;
0;;;;
5.855;;;;
28.003;;;;
55.029;;;;
75.829;;;;
80.510;;;;
73.028;;;;
33.342;;;;
0;;;;
0;;;;
0;;;;
0;;;;
0;;;;
0;;;;
0;;;;
0;;;;
0;;;;
0;;;;
0;;;;
0;;;;
0;;;;
0;;;;
0;;;;
0;;;;
0;;;;
4.835;;;;
12.857;;;;
15.849;;;;
16.216;;;;
11.594;;;;
4.666;;;;
0;;;;
0;;;;
0;;;;
0;;;;
0;;;;
0;;;;
0;;;;
0;;;;
0;;;;
0;;;;
0;;;;
0;;;;
0;;;;
0;;;;
0;;;;
0;;;;
0;;;;
0;;;;
1.519;;;;
9.028;;;;
13.862;;;;
21.654;;;;
44.763;;;;
45.195;;;;
20.756;;;;
0;;;;
0;;;;
0;;;;
0;;;;
0;;;;
0;;;;
0;;;;
0;;;;
0;;;;
0;;;;
0;;;;
0;;;;
0;;;;
0;;;;
0;;;;
0;;;;
0;;;;
29.275;;;;
74.754;;;;
98.806;;;;
100.582;;;;
83.085;;;;
58.504;;;;
20.179;;;;
0;;;;
0;;;;
0;;;;
0;;;;
0;;;;
0;;;;
0;;;;
0;;;;
0;;;;
0;;;;
0;;;;
0;;;;
0;;;;
0;;;;
0;;;;
0;;;;
0;;;;
2.720;;;;
7.440;;;;
9.909;;;;
10.983;;;;
12.115;;;;
8.629;;;;
1.677;;;;
0;;;;
0;;;;
0;;;;
0;;;;
0;;;;
0;;;;
0;;;;
0;;;;
0;;;;
0;;;;
0;;;;
0;;;;
0;;;;
0;;;;
0;;;;
0;;;;
0;;;;
1.197;;;;
12.498;;;;
23.731;;;;
30.384;;;;
39.286;;;;
48.871;;;;
21.312;;;;
0;;;;
0;;;;
0;;;;
0;;;;
0;;;;
0;;;;
0;;;;
0;;;;
0;;;;
0;;;;
0;;;;
0;;;;
0;;;;
0;;;;
0;;;;
0;;;;
0;;;;
11.396;;;;
56.626;;;;
92.003;;;;
116.788;;;;
109.918;;;;
82.223;;;;
36.162;;;;
0;;;;
0;;;;
0;;;;
0;;;;
0;;;;
0;;;;
0;;;;
0;;;;
0;;;;
0;;;;
0;;;;
0;;;;
0;;;;
0;;;;
0;;;;
0;;;;
0;;;;
9.412;;;;
45.910;;;;
96.561;;;;
107.782;;;;
99.672;;;;
72.339;;;;
29.040;;;;
0;;;;
0;;;;
0;;;;
0;;;;
0;;;;
0;;;;
0;;;;
0;;;;
0;;;;
0;;;;
0;;;;
0;;;;
0;;;;
0;;;;
0;;;;
0;;;;
0;;;;
274;;;;
5.516;;;;
6.266;;;;
7.831;;;;
15.464;;;;
5.716;;;;
0;;;;
0;;;;
0;;;;
0;;;;
0;;;;
0;;;;
0;;;;
0;;;;
0;;;;
0;;;;
0;;;;
0;;;;
0;;;;
0;;;;
0;;;;
0;;;;
0;;;;
0;;;;
15.741;;;;
41.213;;;;
64.086;;;;
82.742;;;;
77.782;;;;
53.871;;;;
22.154;;;;
0;;;;
0;;;;
0;;;;
0;;;;
0;;;;
0;;;;
0;;;;
0;;;;
0;;;;
0;;;;
0;;;;
0;;;;
0;;;;
0;;;;
0;;;;
0;;;;
0;;;;
6.892;;;;
21.759;;;;
23.501;;;;
19.616;;;;
18.305;;;;
18.687;;;;
6.756;;;;
0;;;;
0;;;;
0;;;;
0;;;;
0;;;;
0;;;;
0;;;;
0;;;;
0;;;;
0;;;;
0;;;;
0;;;;
0;;;;
0;;;;
0;;;;
0;;;;
0;;;;
0;;;;
5.433;;;;
10.787;;;;
14.808;;;;
19.375;;;;
15.056;;;;
3.214;;;;
0;;;;
0;;;;
0;;;;
0;;;;
0;;;;
0;;;;
0;;;;
0;;;;
0;;;;
0;;;;
0;;;;
0;;;;
0;;;;
0;;;;
0;;;;
0;;;;
0;;;;
0;;;;
1.173;;;;
4.833;;;;
16.377;;;;
32.846;;;;
39.946;;;;
20.669;;;;
0;;;;
0;;;;
0;;;;
0;;;;
0;;;;
0;;;;
0;;;;
0;;;;
0;;;;
0;;;;
0;;;;
0;;;;
0;;;;
0;;;;
0;;;;
0;;;;
0;;;;
0;;;;
4.640;;;;
13.691;;;;
30.576;;;;
52.781;;;;
47.335;;;;
8.123;;;;
0;;;;
0;;;;
0;;;;
0;;;;
0;;;;
0;;;;
0;;;;
0;;;;
0;;;;
0;;;;
0;;;;
0;;;;
0;;;;
0;;;;
0;;;;
0;;;;
0;;;;
5.312;;;;
13.639;;;;
14.509;;;;
16.237;;;;
10.704;;;;
4.356;;;;
0;;;;
0;;;;
0;;;;
0;;;;
0;;;;
0;;;;
0;;;;
0;;;;
0;;;;
0;;;;
0;;;;
0;;;;
0;;;;
0;;;;
0;;;;
0;;;;
0;;;;
0;;;;
9.989;;;;
44.852;;;;
84.737;;;;
103.528;;;;
99.081;;;;
72.603;;;;
27.950;;;;
0;;;;
0;;;;
0;;;;
0;;;;
0;;;;
0;;;;
0;;;;
0;;;;
0;;;;
0;;;;
0;;;;
0;;;;
0;;;;
0;;;;
0;;;;
0;;;;
0;;;;
16.246;;;;
41.165;;;;
76.551;;;;
101.320;;;;
76.768;;;;
31.793;;;;
5.254;;;;
0;;;;
0;;;;
0;;;;
0;;;;
0;;;;
0;;;;
0;;;;
0;;;;
0;;;;
0;;;;
0;;;;
0;;;;
0;;;;
0;;;;
0;;;;
0;;;;
0;;;;
3.426;;;;
17.516;;;;
22.843;;;;
15.543;;;;
12.254;;;;
12.263;;;;
11.036;;;;
0;;;;
0;;;;
0;;;;
0;;;;
0;;;;
0;;;;
0;;;;
0;;;;
0;;;;
0;;;;
0;;;;
0;;;;
0;;;;
0;;;;
0;;;;
0;;;;
0;;;;
35.635;;;;
80.783;;;;
105.280;;;;
102.279;;;;
89.490;;;;
67.707;;;;
33.254;;;;
0;;;;
0;;;;
0;;;;
0;;;;
0;;;;
0;;;;
0;;;;
0;;;;
0;;;;
0;;;;
0;;;;
0;;;;
0;;;;
0;;;;
0;;;;
0;;;;
0;;;;
1.363;;;;
10.367;;;;
24.484;;;;
33.341;;;;
29.072;;;;
21.650;;;;
7.774;;;;
0;;;;
0;;;;
0;;;;
0;;;;
0;;;;
0;;;;
0;;;;
0;;;;
0;;;;